system,generator,trace_class,real_graphs,synthetic_graphs,node_count_ks_similarity,node_count_ks_stat,edge_count_ks_similarity,edge_count_ks_stat,density_ks_similarity,density_ks_stat,avg_degree_ks_similarity,avg_degree_ks_stat,max_degree_ks_similarity,max_degree_ks_stat,roots_ratio_ks_similarity,roots_ratio_ks_stat,leaves_ratio_ks_similarity,leaves_ratio_ks_stat,duration_mean_ks_similarity,duration_mean_ks_stat,duration_std_ks_similarity,duration_std_ks_stat,unique_services_ks_similarity,unique_services_ks_stat,unique_ops_ks_similarity,unique_ops_ks_stat,all_degrees_ks_similarity,all_degrees_ks_stat,all_durations_ks_similarity,all_durations_ks_stat,node_count_wasserstein_similarity,node_count_wasserstein_distance,edge_count_wasserstein_similarity,edge_count_wasserstein_distance,density_wasserstein_similarity,density_wasserstein_distance,avg_degree_wasserstein_similarity,avg_degree_wasserstein_distance,service_js_similarity,operation_js_similarity,service_operation_js_similarity,service_operation_valid_mass,graph_feature_mmd_similarity,graph_feature_mmd,structural_ks_mean,semantic_mean,overall_fidelity
TT,empirical,normal,1000,1000,0.977,0.023,0.634,0.366,0.652,0.348,0.0,1.0,0.673,0.327,0.0,1.0,0.0,1.0,0.732,0.268,0.783,0.217,0.45799999999999996,0.542,0.558,0.442,0.28700197701303487,0.7129980229869651,0.990233300612246,0.009766699387753972,0.973714010272685,0.9909999999999998,0.5148360678315698,29.705000000000002,0.48100360858867797,0.13652901220449695,0.4642968886298763,1.8609645642983172,0.9339331963235944,0.8956183801103614,0.8953297585002558,0.9785757801394436,0.6865268346164302,0.3761099655119491,0.5371669961688391,0.9258642787684138,0.7743582820331859
TT,empirical,abnormal,1000,1000,0.943,0.057,0.514,0.486,0.45999999999999996,0.54,0.0,1.0,0.27,0.73,0.0,1.0,0.0,1.0,0.6839999999999999,0.316,0.761,0.239,0.6,0.4,0.698,0.302,0.5612755043900682,0.43872449560993176,0.9735629121184454,0.026437087881554678,0.9167089893346876,0.8200000000000007,0.5019937694704051,7.9929999999999986,0.4658718305623487,0.230079951360615,0.5086566080240191,1.5420734306121033,0.8569661745249706,0.8037410262779414,0.8031252093506978,0.9259833795013851,0.6668615674563237,0.4051727996499591,0.45804591739834466,0.8474539474137487,0.7259848688773725
TT,empirical,combined,2000,2000,0.971,0.029,0.6475,0.3525,0.632,0.368,0.0,1.0,0.47150000000000003,0.5285,0.0,1.0,0.0,1.0,0.7095,0.2905,0.7925,0.2075,0.529,0.471,0.628,0.372,0.37300947389639183,0.6269905261036082,0.9882822775837736,0.011717722416226373,0.9713253148540956,0.8345000000000012,0.6012504328188764,18.64099999999999,0.47160906832223504,0.18330448178255598,0.4853517519173086,1.7015189974552105,0.9139729748280407,0.8691757446749699,0.8690730819632125,0.9662699955925437,0.7105702102040476,0.34168751830598176,0.5158349123160654,0.9046229492646917,0.7657620698737156
TT,flat_vae,normal,1000,1000,0.976,0.024,0.727,0.273,0.757,0.243,0.489,0.511,0.771,0.229,0.759,0.241,0.567,0.433,0.41700000000000004,0.583,0.28300000000000003,0.717,0.698,0.302,0.745,0.255,0.3880938845201387,0.6119061154798613,0.6714404831567553,0.32855951684324475,0.961369149719686,1.4289999999999998,0.48317647961638044,449.2990000000001,0.7474247369260736,0.03823542399849117,0.35098566874988435,10.201146014630343,0.4925551930970825,0.508796489794304,0.25102472172704504,0.42176391919476314,0.8637083222416986,0.14652015717244682,0.6846823140866897,0.41853508095329867,0.6110732400876885
TT,flat_vae,abnormal,1000,1000,0.972,0.028,0.736,0.264,0.796,0.204,0.478,0.522,0.6910000000000001,0.309,0.7130000000000001,0.287,0.497,0.503,0.19899999999999995,0.801,0.0040000000000000036,0.996,0.704,0.296,0.6,0.4,0.394544596413158,0.605455403586842,0.7196798735311357,0.2803201264688643,0.9570340274250888,0.4230000000000004,0.39211162257198096,18.191,0.6958522769623502,0.0676937092595862,0.32857283001335624,2.1327411347869014,0.614232609843271,0.5669567038453819,0.29004032808772096,0.36913606452982384,0.815866562591161,0.2035044636262251,0.677924099402193,0.46009142657654944,0.5745123924202078
TT,flat_vae,combined,2000,2000,0.9745,0.0255,0.7855,0.2145,0.7785,0.2215,0.48350000000000004,0.5165,0.7855,0.2145,0.741,0.259,0.532,0.468,0.30900000000000005,0.691,0.17700000000000005,0.823,0.7010000000000001,0.299,0.6725,0.3275,0.41746930370240243,0.5825306962975976,0.7399628909064015,0.26003710909359845,0.9675221709236428,0.925999999999995,0.6274979532982559,233.2019999999999,0.7245972466688686,0.05149354289225241,0.4604609237662094,6.158738548253593,0.5262799783374796,0.5280941552741998,0.26463421759755545,0.40865842055185536,0.859446239914506,0.15146700420793535,0.7041615506170671,0.4319166929402725,0.6088974748756495
TT,hierarchical_vae,normal,1000,535,0.7130000000000001,0.287,0.49189719626168227,0.5081028037383177,0.47576635514018695,0.524233644859813,0.3532710280373832,0.6467289719626168,0.4021775700934579,0.5978224299065421,0.47676635514018695,0.523233644859813,0.4898504672897196,0.5101495327102804,0.11489719626168227,0.8851028037383177,0.20669158878504668,0.7933084112149533,0.7383177570093458,0.2616822429906542,0.6841121495327103,0.31588785046728973,0.8152434119204054,0.1847565880795946,0.8132797405593953,0.18672025944060466,0.36126487812148866,20.51963551401869,0.21215540172746317,24.894028037383176,0.6541252370520788,0.04376508929813443,0.3827841760404116,0.99551259723842,0.3890419075184698,0.3999350306556809,0.3178981363001657,0.6277064955894146,0.7345646663685386,0.30847724589775094,0.5418925935755193,0.4336453925159328,0.5276559178562137
TT,hierarchical_vae,abnormal,1000,575,0.9913913043478261,0.008608695652173913,0.5756521739130435,0.42434782608695654,0.3860869565217391,0.6139130434782609,0.3843478260869565,0.6156521739130435,0.46608695652173915,0.5339130434782609,0.3843478260869565,0.6156521739130435,0.11282608695652174,0.8871739130434783,0.11539130434782607,0.8846086956521739,0.23917391304347824,0.7608260869565218,0.6869565217391305,0.3130434782608696,0.6382608695652174,0.3617391304347826,0.31725658734141926,0.6827434126585807,0.7583733685961236,0.24162663140387639,0.9887164086824033,0.11108695652173928,0.25812294803577485,6.553000000000001,0.543175774759409,0.09167456787842321,0.39918667974516464,0.9591448036370931,0.4340579054381831,0.4489233780327717,0.3626406359795281,0.686796498123995,0.7090498198427402,0.34382948715740347,0.5201369674554539,0.48310460439361946,0.5172112129271527
TT,hierarchical_vae,combined,2000,1110,0.8565,0.1435,0.5567567567567567,0.44324324324324327,0.4923918918918919,0.5076081081081081,0.36936936936936937,0.6306306306306306,0.45765765765765765,0.5423423423423424,0.49289189189189186,0.5071081081081081,0.3769954954954955,0.6230045045045045,0.11584684684684687,0.8841531531531531,0.2239189189189189,0.7760810810810811,0.7117117117117118,0.2882882882882883,0.6603603603603604,0.3396396396396396,0.7229754103738019,0.27702458962619814,0.7844492949588747,0.21555070504112528,0.5741006443606396,10.307963963963958,0.3356298243755743,15.727999999999993,0.5889695781372382,0.06724714362862319,0.3911663809762709,0.976970681315361,0.40863965967033866,0.42597040082505466,0.3390736321092379,0.6589513462446859,0.7284298533847489,0.3168639470910717,0.575941847674913,0.4581587597123293,0.5325653205155426
SN,empirical,normal,1000,1000,0.971,0.029,0.554,0.446,0.43799999999999994,0.562,0.0,1.0,0.5920000000000001,0.408,0.0,1.0,0.0,1.0,0.716,0.284,0.795,0.205,0.20099999999999996,0.799,0.526,0.474,0.1709119439477429,0.8290880560522571,0.9919835726045652,0.008016427395434844,0.9116397345093137,9.599000000000007,0.6817528308385346,54.312000000000005,0.4464188099062817,0.09482020593168922,0.4634742749023707,1.9623051823618627,0.9676869158398822,0.9470540150607818,0.9470540150607819,1.0,0.6489772697838779,0.4323575863368708,0.4543186573246238,0.9654487364903614,0.7553456472406856
SN,empirical,abnormal,1000,1000,0.952,0.048,0.518,0.482,0.347,0.653,0.0,1.0,0.30000000000000004,0.7,0.0,1.0,0.0,1.0,0.782,0.218,0.774,0.226,0.43999999999999995,0.56,0.791,0.209,0.527307366638442,0.472692633361558,0.9899890257249393,0.010010974275060707,0.9485633916013663,0.5120000000000003,0.47079517534062987,9.477,0.518489157566463,0.1418728997694515,0.49599259433616605,1.7190269973959629,0.9906331273647394,0.9607812341046903,0.9607812341046904,1.0,0.6363572651781171,0.45199513565613514,0.4407178944397403,0.9780488988935301,0.7654226168472653
SN,empirical,combined,2000,2000,0.98,0.02,0.5840000000000001,0.416,0.593,0.407,0.0,1.0,0.44599999999999995,0.554,0.0,1.0,0.0,1.0,0.76,0.24,0.794,0.206,0.3205,0.6795,0.6645,0.3355,0.22331683630591093,0.7766831636940891,0.9897223621334458,0.010277637866554223,0.9401857423597084,4.769499999999976,0.7439682907916462,31.894499999999915,0.4928436414855266,0.11814872398722424,0.4791659123596351,1.8406660898789127,0.9664254661966148,0.9498684627127303,0.9498684627127303,1.0,0.6912260681522524,0.36928834786281617,0.4710528060509851,0.9665405979055188,0.7757083668484404
SN,flat_vae,normal,1000,1000,0.963,0.037,0.794,0.206,0.649,0.351,0.41700000000000004,0.583,0.825,0.175,0.502,0.498,0.479,0.521,0.471,0.529,0.46399999999999997,0.536,0.858,0.142,0.831,0.169,0.25382385407951313,0.7461761459204869,0.6943187274665403,0.3056812725334597,0.9312071494896145,7.238000000000006,0.573749650328822,3167.0419999999995,0.632907064313521,0.043499267994216446,0.514410990683204,19.860912143348344,0.5171000342794153,0.38787879025741356,0.2097816370458434,0.5911192367503048,0.8997996334849253,0.10558316990463767,0.6503039756799189,0.4264699245832443,0.6283784522429257
SN,flat_vae,abnormal,1000,1000,0.986,0.014,0.753,0.247,0.787,0.213,0.403,0.597,0.687,0.313,0.556,0.444,0.558,0.442,0.126,0.874,0.0,1.0,0.897,0.103,0.688,0.312,0.5581635336547369,0.4418364663452631,0.6112242740259494,0.38877572597405063,0.9720575783234547,0.2640000000000001,0.5383903800558432,13.578999999999999,0.7892144515310349,0.039103080827218764,0.4215654783895396,1.6442327377603239,0.8002375571687426,0.7309311435751187,0.3165604715232374,0.42869584149793166,0.7297521158598341,0.3150503698210315,0.6956939222757894,0.5691062534412575,0.5463553131205661
SN,flat_vae,combined,2000,2000,0.975,0.025,0.7865,0.2135,0.773,0.227,0.41000000000000003,0.59,0.83,0.17,0.7905,0.2095,0.595,0.405,0.35350000000000004,0.6465,0.35250000000000004,0.6475,0.879,0.121,0.7965,0.2035,0.30331737113374624,0.6966826288662538,0.6907188346645572,0.30928116533544275,0.9516816802141252,3.743000000000007,0.7008599609312123,1590.1754999999991,0.7356931625104569,0.0401756717524563,0.6330817498599293,10.75197244055433,0.5586164437618981,0.44264069654390736,0.2356692298569425,0.5648383005707038,0.8502067228066595,0.16227575576495146,0.6796362285222911,0.45044116768336295,0.6049005907353742
SN,hierarchical_vae,normal,1000,1000,0.977,0.023,0.863,0.137,0.73,0.27,0.5720000000000001,0.428,0.777,0.223,0.635,0.365,0.601,0.399,0.41000000000000003,0.59,0.44299999999999995,0.557,0.397,0.603,0.5700000000000001,0.43,0.9563130219868875,0.0436869780131125,0.7512940479109964,0.24870595208900356,0.9388212370472591,6.465000000000004,0.6955800328197674,26.09599999999999,0.3583761219396402,0.14232469799668682,0.3217307929333443,2.4733436017081862,0.5983669582612436,0.4492974987016365,0.4492974987016364,1.0,0.8817726073285238,0.1258210710355676,0.8125521703311479,0.6242404889161292,0.6959718628973595
SN,hierarchical_vae,abnormal,1000,1000,0.982,0.018,0.808,0.192,0.63,0.37,0.518,0.482,0.767,0.233,0.43500000000000005,0.565,0.642,0.358,0.346,0.654,0.33899999999999997,0.661,0.603,0.397,0.823,0.177,0.49654928077798677,0.5034507192220132,0.8160568210050533,0.18394317899494675,0.9685647756138865,0.29700000000000026,0.8373858379788875,1.370999999999999,0.47883371193891855,0.1375557951626917,0.4873864404439544,1.1895761174968071,0.8845293868077163,0.7730134765347628,0.7730134765347628,1.0,0.8349985506407597,0.1803252898923573,0.7002582134629978,0.8576390849693105,0.7109905340156243
SN,hierarchical_vae,combined,2000,2000,0.9815,0.0185,0.884,0.116,0.6935,0.3065,0.5449999999999999,0.455,0.889,0.111,0.7775,0.2225,0.7035,0.2965,0.38,0.62,0.39649999999999996,0.6035,0.5,0.5,0.7264999999999999,0.2735,0.9215016789012449,0.0784983210987551,0.760829964252334,0.23917003574766602,0.957145278877494,3.336000000000012,0.7814816251286197,13.699500000000011,0.42645547329867795,0.13520279454658754,0.35303757689937065,1.8309360500786864,0.6422552673448547,0.5088873421458645,0.5088873421458645,1.0,0.8881242038368631,0.1186436765850929,0.8190836131502075,0.665007487909146,0.7026090538297101
