system,split,parameter_name,parameter_value,default_threshold,precision,recall,f1,tp,fp,fn,tn,num_positive_edges,num_negative_edges,num_candidate_edges,graphs_evaluated,max_nodes,target_graphs,parent_temperature,weights_path,data_path
SN,normal,edge_threshold,0.01,0.6,0.51888988,1.0,0.68324885,5796,5374,0,64079,5796,69453,75249,1000,30,1000,,./weights/sn_normal_vae_weights.pt,./datasets/anomaly/SN/SN_normal.pt
SN,normal,edge_threshold,0.02,0.6,0.56115038,0.99982747,0.71884885,5795,4532,1,64921,5796,69453,75249,1000,30,1000,,./weights/sn_normal_vae_weights.pt,./datasets/anomaly/SN/SN_normal.pt
SN,normal,edge_threshold,0.03,0.6,0.58802638,0.99982747,0.74052776,5795,4060,1,65393,5796,69453,75249,1000,30,1000,,./weights/sn_normal_vae_weights.pt,./datasets/anomaly/SN/SN_normal.pt
SN,normal,edge_threshold,0.04,0.6,0.60553814,0.99982747,0.75426266,5795,3775,1,65678,5796,69453,75249,1000,30,1000,,./weights/sn_normal_vae_weights.pt,./datasets/anomaly/SN/SN_normal.pt
SN,normal,edge_threshold,0.05,0.6,0.6195873,0.99982747,0.765067,5795,3558,1,65895,5796,69453,75249,1000,30,1000,,./weights/sn_normal_vae_weights.pt,./datasets/anomaly/SN/SN_normal.pt
SN,normal,edge_threshold,0.06,0.6,0.62862103,0.99965493,0.77186438,5794,3423,2,66030,5796,69453,75249,1000,30,1000,,./weights/sn_normal_vae_weights.pt,./datasets/anomaly/SN/SN_normal.pt
SN,normal,edge_threshold,0.07,0.6,0.63733363,0.99965493,0.77839726,5794,3297,2,66156,5796,69453,75249,1000,30,1000,,./weights/sn_normal_vae_weights.pt,./datasets/anomaly/SN/SN_normal.pt
SN,normal,edge_threshold,0.08,0.6,0.64470902,0.99965493,0.78387337,5794,3193,2,66260,5796,69453,75249,1000,30,1000,,./weights/sn_normal_vae_weights.pt,./datasets/anomaly/SN/SN_normal.pt
SN,normal,edge_threshold,0.09,0.6,0.65137718,0.99965493,0.78878225,5794,3101,2,66352,5796,69453,75249,1000,30,1000,,./weights/sn_normal_vae_weights.pt,./datasets/anomaly/SN/SN_normal.pt
SN,normal,edge_threshold,0.1,0.6,0.65833428,0.99965493,0.79386175,5794,3007,2,66446,5796,69453,75249,1000,30,1000,,./weights/sn_normal_vae_weights.pt,./datasets/anomaly/SN/SN_normal.pt
SN,normal,edge_threshold,0.11,0.6,0.66285322,0.99965493,0.79713834,5794,2947,2,66506,5796,69453,75249,1000,30,1000,,./weights/sn_normal_vae_weights.pt,./datasets/anomaly/SN/SN_normal.pt
SN,normal,edge_threshold,0.12,0.6,0.66878319,0.9994824,0.80135565,5793,2869,3,66584,5796,69453,75249,1000,30,1000,,./weights/sn_normal_vae_weights.pt,./datasets/anomaly/SN/SN_normal.pt
SN,normal,edge_threshold,0.13,0.6,0.67399651,0.9994824,0.80508651,5793,2802,3,66651,5796,69453,75249,1000,30,1000,,./weights/sn_normal_vae_weights.pt,./datasets/anomaly/SN/SN_normal.pt
SN,normal,edge_threshold,0.14,0.6,0.67817841,0.9994824,0.80806249,5793,2749,3,66704,5796,69453,75249,1000,30,1000,,./weights/sn_normal_vae_weights.pt,./datasets/anomaly/SN/SN_normal.pt
SN,normal,edge_threshold,0.15,0.6,0.68168981,0.9994824,0.81054988,5793,2705,3,66748,5796,69453,75249,1000,30,1000,,./weights/sn_normal_vae_weights.pt,./datasets/anomaly/SN/SN_normal.pt
SN,normal,edge_threshold,0.16,0.6,0.68613052,0.9994824,0.81368074,5793,2650,3,66803,5796,69453,75249,1000,30,1000,,./weights/sn_normal_vae_weights.pt,./datasets/anomaly/SN/SN_normal.pt
SN,normal,edge_threshold,0.17,0.6,0.69095897,0.9994824,0.81706629,5793,2591,3,66862,5796,69453,75249,1000,30,1000,,./weights/sn_normal_vae_weights.pt,./datasets/anomaly/SN/SN_normal.pt
SN,normal,edge_threshold,0.18,0.6,0.69493762,0.9994824,0.81984149,5793,2543,3,66910,5796,69453,75249,1000,30,1000,,./weights/sn_normal_vae_weights.pt,./datasets/anomaly/SN/SN_normal.pt
SN,normal,edge_threshold,0.19,0.6,0.69870944,0.9994824,0.82246042,5793,2498,3,66955,5796,69453,75249,1000,30,1000,,./weights/sn_normal_vae_weights.pt,./datasets/anomaly/SN/SN_normal.pt
SN,normal,edge_threshold,0.2,0.6,0.70260764,0.9994824,0.8251549,5793,2452,3,67001,5796,69453,75249,1000,30,1000,,./weights/sn_normal_vae_weights.pt,./datasets/anomaly/SN/SN_normal.pt
SN,normal,edge_threshold,0.21,0.6,0.70629115,0.9994824,0.82768967,5793,2409,3,67044,5796,69453,75249,1000,30,1000,,./weights/sn_normal_vae_weights.pt,./datasets/anomaly/SN/SN_normal.pt
SN,normal,edge_threshold,0.22,0.6,0.70957864,0.9994824,0.82994269,5793,2371,3,67082,5796,69453,75249,1000,30,1000,,./weights/sn_normal_vae_weights.pt,./datasets/anomaly/SN/SN_normal.pt
SN,normal,edge_threshold,0.23,0.6,0.7117582,0.9994824,0.83143165,5793,2346,3,67107,5796,69453,75249,1000,30,1000,,./weights/sn_normal_vae_weights.pt,./datasets/anomaly/SN/SN_normal.pt
SN,normal,edge_threshold,0.24,0.6,0.71500864,0.9994824,0.83364513,5793,2309,3,67144,5796,69453,75249,1000,30,1000,,./weights/sn_normal_vae_weights.pt,./datasets/anomaly/SN/SN_normal.pt
SN,normal,edge_threshold,0.25,0.6,0.71864533,0.9994824,0.83611171,5793,2268,3,67185,5796,69453,75249,1000,30,1000,,./weights/sn_normal_vae_weights.pt,./datasets/anomaly/SN/SN_normal.pt
SN,normal,edge_threshold,0.26,0.6,0.72186916,0.9994824,0.83828956,5793,2232,3,67221,5796,69453,75249,1000,30,1000,,./weights/sn_normal_vae_weights.pt,./datasets/anomaly/SN/SN_normal.pt
SN,normal,edge_threshold,0.27,0.6,0.72430608,0.9994824,0.8399304,5793,2205,3,67248,5796,69453,75249,1000,30,1000,,./weights/sn_normal_vae_weights.pt,./datasets/anomaly/SN/SN_normal.pt
SN,normal,edge_threshold,0.28,0.6,0.7269419,0.9994824,0.84169996,5793,2176,3,67277,5796,69453,75249,1000,30,1000,,./weights/sn_normal_vae_weights.pt,./datasets/anomaly/SN/SN_normal.pt
SN,normal,edge_threshold,0.29,0.6,0.72937917,0.99930987,0.84327,5792,2149,4,67304,5796,69453,75249,1000,30,1000,,./weights/sn_normal_vae_weights.pt,./datasets/anomaly/SN/SN_normal.pt
SN,normal,edge_threshold,0.3,0.6,0.73242286,0.99930987,0.84530064,5792,2116,4,67337,5796,69453,75249,1000,30,1000,,./weights/sn_normal_vae_weights.pt,./datasets/anomaly/SN/SN_normal.pt
SN,normal,edge_threshold,0.31,0.6,0.73474566,0.99930987,0.84684553,5792,2091,4,67362,5796,69453,75249,1000,30,1000,,./weights/sn_normal_vae_weights.pt,./datasets/anomaly/SN/SN_normal.pt
SN,normal,edge_threshold,0.32,0.6,0.73811648,0.99930987,0.84908011,5792,2055,4,67398,5796,69453,75249,1000,30,1000,,./weights/sn_normal_vae_weights.pt,./datasets/anomaly/SN/SN_normal.pt
SN,normal,edge_threshold,0.33,0.6,0.74091607,0.99913734,0.85086688,5791,2025,5,67428,5796,69453,75249,1000,30,1000,,./weights/sn_normal_vae_weights.pt,./datasets/anomaly/SN/SN_normal.pt
SN,normal,edge_threshold,0.34,0.6,0.74357987,0.99913734,0.85262073,5791,1997,5,67456,5796,69453,75249,1000,30,1000,,./weights/sn_normal_vae_weights.pt,./datasets/anomaly/SN/SN_normal.pt
SN,normal,edge_threshold,0.35,0.6,0.74578236,0.99913734,0.85406681,5791,1974,5,67479,5796,69453,75249,1000,30,1000,,./weights/sn_normal_vae_weights.pt,./datasets/anomaly/SN/SN_normal.pt
SN,normal,edge_threshold,0.36,0.6,0.74819121,0.99913734,0.85564421,5791,1949,5,67504,5796,69453,75249,1000,30,1000,,./weights/sn_normal_vae_weights.pt,./datasets/anomaly/SN/SN_normal.pt
SN,normal,edge_threshold,0.37,0.6,0.75081032,0.99913734,0.85735436,5791,1922,5,67531,5796,69453,75249,1000,30,1000,,./weights/sn_normal_vae_weights.pt,./datasets/anomaly/SN/SN_normal.pt
SN,normal,edge_threshold,0.38,0.6,0.75305592,0.99913734,0.85881655,5791,1899,5,67554,5796,69453,75249,1000,30,1000,,./weights/sn_normal_vae_weights.pt,./datasets/anomaly/SN/SN_normal.pt
SN,normal,edge_threshold,0.39,0.6,0.75521648,0.99913734,0.86021985,5791,1877,5,67576,5796,69453,75249,1000,30,1000,,./weights/sn_normal_vae_weights.pt,./datasets/anomaly/SN/SN_normal.pt
SN,normal,edge_threshold,0.4,0.6,0.75709243,0.99913734,0.86143548,5791,1858,5,67595,5796,69453,75249,1000,30,1000,,./weights/sn_normal_vae_weights.pt,./datasets/anomaly/SN/SN_normal.pt
SN,normal,edge_threshold,0.41,0.6,0.75997375,0.99913734,0.86329756,5791,1829,5,67624,5796,69453,75249,1000,30,1000,,./weights/sn_normal_vae_weights.pt,./datasets/anomaly/SN/SN_normal.pt
SN,normal,edge_threshold,0.42,0.6,0.76187344,0.99913734,0.86452191,5791,1810,5,67643,5796,69453,75249,1000,30,1000,,./weights/sn_normal_vae_weights.pt,./datasets/anomaly/SN/SN_normal.pt
SN,normal,edge_threshold,0.43,0.6,0.76519556,0.99913734,0.86665669,5791,1777,5,67676,5796,69453,75249,1000,30,1000,,./weights/sn_normal_vae_weights.pt,./datasets/anomaly/SN/SN_normal.pt
SN,normal,edge_threshold,0.44,0.6,0.76712147,0.99913734,0.8678906,5791,1758,5,67695,5796,69453,75249,1000,30,1000,,./weights/sn_normal_vae_weights.pt,./datasets/anomaly/SN/SN_normal.pt
SN,normal,edge_threshold,0.45,0.6,0.76936362,0.99913734,0.86932373,5791,1736,5,67717,5796,69453,75249,1000,30,1000,,./weights/sn_normal_vae_weights.pt,./datasets/anomaly/SN/SN_normal.pt
SN,normal,edge_threshold,0.46,0.6,0.77120788,0.99913734,0.87049981,5791,1718,5,67735,5796,69453,75249,1000,30,1000,,./weights/sn_normal_vae_weights.pt,./datasets/anomaly/SN/SN_normal.pt
SN,normal,edge_threshold,0.47,0.6,0.77450849,0.99913734,0.87259851,5791,1686,5,67767,5796,69453,75249,1000,30,1000,,./weights/sn_normal_vae_weights.pt,./datasets/anomaly/SN/SN_normal.pt
SN,normal,edge_threshold,0.48,0.6,0.77710682,0.99913734,0.87424517,5791,1661,5,67792,5796,69453,75249,1000,30,1000,,./weights/sn_normal_vae_weights.pt,./datasets/anomaly/SN/SN_normal.pt
SN,normal,edge_threshold,0.49,0.6,0.77846485,0.99913734,0.87510389,5791,1648,5,67805,5796,69453,75249,1000,30,1000,,./weights/sn_normal_vae_weights.pt,./datasets/anomaly/SN/SN_normal.pt
SN,normal,edge_threshold,0.5,0.6,0.78161695,0.99913734,0.87709201,5791,1618,5,67835,5796,69453,75249,1000,30,1000,,./weights/sn_normal_vae_weights.pt,./datasets/anomaly/SN/SN_normal.pt
SN,normal,edge_threshold,0.51,0.6,0.78330854,0.99913734,0.87815604,5791,1602,5,67851,5796,69453,75249,1000,30,1000,,./weights/sn_normal_vae_weights.pt,./datasets/anomaly/SN/SN_normal.pt
SN,normal,edge_threshold,0.52,0.6,0.78532682,0.99913734,0.87942293,5791,1583,5,67870,5796,69453,75249,1000,30,1000,,./weights/sn_normal_vae_weights.pt,./datasets/anomaly/SN/SN_normal.pt
SN,normal,edge_threshold,0.53,0.6,0.78721958,0.9989648,0.8805414,5790,1565,6,67888,5796,69453,75249,1000,30,1000,,./weights/sn_normal_vae_weights.pt,./datasets/anomaly/SN/SN_normal.pt
SN,normal,edge_threshold,0.54,0.6,0.78955265,0.99879227,0.88193175,5789,1543,7,67910,5796,69453,75249,1000,30,1000,,./weights/sn_normal_vae_weights.pt,./datasets/anomaly/SN/SN_normal.pt
SN,normal,edge_threshold,0.55,0.6,0.79149576,0.99879227,0.88314264,5789,1525,7,67928,5796,69453,75249,1000,30,1000,,./weights/sn_normal_vae_weights.pt,./datasets/anomaly/SN/SN_normal.pt
SN,normal,edge_threshold,0.56,0.6,0.79410151,0.99879227,0.88476234,5789,1501,7,67952,5796,69453,75249,1000,30,1000,,./weights/sn_normal_vae_weights.pt,./datasets/anomaly/SN/SN_normal.pt
SN,normal,edge_threshold,0.57,0.6,0.79573883,0.99879227,0.88577768,5789,1486,7,67967,5796,69453,75249,1000,30,1000,,./weights/sn_normal_vae_weights.pt,./datasets/anomaly/SN/SN_normal.pt
SN,normal,edge_threshold,0.58,0.6,0.79826255,0.99879227,0.88733906,5789,1463,7,67990,5796,69453,75249,1000,30,1000,,./weights/sn_normal_vae_weights.pt,./datasets/anomaly/SN/SN_normal.pt
SN,normal,edge_threshold,0.59,0.6,0.80080232,0.99879227,0.88890595,5789,1440,7,68013,5796,69453,75249,1000,30,1000,,./weights/sn_normal_vae_weights.pt,./datasets/anomaly/SN/SN_normal.pt
SN,normal,edge_threshold,0.6,0.6,0.80313541,0.99879227,0.89034143,5789,1419,7,68034,5796,69453,75249,1000,30,1000,,./weights/sn_normal_vae_weights.pt,./datasets/anomaly/SN/SN_normal.pt
SN,normal,edge_threshold,0.61,0.6,0.80525803,0.99879227,0.8916442,5789,1400,7,68053,5796,69453,75249,1000,30,1000,,./weights/sn_normal_vae_weights.pt,./datasets/anomaly/SN/SN_normal.pt
SN,normal,edge_threshold,0.62,0.6,0.80750453,0.99879227,0.89301967,5789,1380,7,68073,5796,69453,75249,1000,30,1000,,./weights/sn_normal_vae_weights.pt,./datasets/anomaly/SN/SN_normal.pt
SN,normal,edge_threshold,0.63,0.6,0.80987689,0.99879227,0.89446848,5789,1359,7,68094,5796,69453,75249,1000,30,1000,,./weights/sn_normal_vae_weights.pt,./datasets/anomaly/SN/SN_normal.pt
SN,normal,edge_threshold,0.64,0.6,0.8118076,0.99879227,0.89564477,5789,1342,7,68111,5796,69453,75249,1000,30,1000,,./weights/sn_normal_vae_weights.pt,./datasets/anomaly/SN/SN_normal.pt
SN,normal,edge_threshold,0.65,0.6,0.81409085,0.99879227,0.89703262,5789,1322,7,68131,5796,69453,75249,1000,30,1000,,./weights/sn_normal_vae_weights.pt,./datasets/anomaly/SN/SN_normal.pt
SN,normal,edge_threshold,0.66,0.6,0.81636107,0.99861974,0.89833928,5788,1302,8,68151,5796,69453,75249,1000,30,1000,,./weights/sn_normal_vae_weights.pt,./datasets/anomaly/SN/SN_normal.pt
SN,normal,edge_threshold,0.67,0.6,0.81809187,0.99861974,0.89938622,5788,1287,8,68166,5796,69453,75249,1000,30,1000,,./weights/sn_normal_vae_weights.pt,./datasets/anomaly/SN/SN_normal.pt
SN,normal,edge_threshold,0.68,0.6,0.81983003,0.99861974,0.90043559,5788,1272,8,68181,5796,69453,75249,1000,30,1000,,./weights/sn_normal_vae_weights.pt,./datasets/anomaly/SN/SN_normal.pt
SN,normal,edge_threshold,0.69,0.6,0.82316119,0.99827467,0.90230019,5786,1243,10,68210,5796,69453,75249,1000,30,1000,,./weights/sn_normal_vae_weights.pt,./datasets/anomaly/SN/SN_normal.pt
SN,normal,edge_threshold,0.7,0.6,0.82527457,0.99827467,0.90356836,5786,1225,10,68228,5796,69453,75249,1000,30,1000,,./weights/sn_normal_vae_weights.pt,./datasets/anomaly/SN/SN_normal.pt
SN,normal,edge_threshold,0.71,0.6,0.82751716,0.99827467,0.90491085,5786,1206,10,68247,5796,69453,75249,1000,30,1000,,./weights/sn_normal_vae_weights.pt,./datasets/anomaly/SN/SN_normal.pt
SN,normal,edge_threshold,0.72,0.6,0.82891532,0.99810214,0.90567515,5785,1194,11,68259,5796,69453,75249,1000,30,1000,,./weights/sn_normal_vae_weights.pt,./datasets/anomaly/SN/SN_normal.pt
SN,normal,edge_threshold,0.73,0.6,0.83041356,0.99775707,0.90642633,5783,1181,13,68272,5796,69453,75249,1000,30,1000,,./weights/sn_normal_vae_weights.pt,./datasets/anomaly/SN/SN_normal.pt
SN,normal,edge_threshold,0.74,0.6,0.8332132,0.99723948,0.90787717,5780,1157,16,68296,5796,69453,75249,1000,30,1000,,./weights/sn_normal_vae_weights.pt,./datasets/anomaly/SN/SN_normal.pt
SN,normal,edge_threshold,0.75,0.6,0.83642154,0.99689441,0.90963476,5778,1130,18,68323,5796,69453,75249,1000,30,1000,,./weights/sn_normal_vae_weights.pt,./datasets/anomaly/SN/SN_normal.pt
SN,normal,edge_threshold,0.76,0.6,0.83855981,0.99654934,0.91075371,5776,1112,20,68341,5796,69453,75249,1000,30,1000,,./weights/sn_normal_vae_weights.pt,./datasets/anomaly/SN/SN_normal.pt
SN,normal,edge_threshold,0.77,0.6,0.84103162,0.99585921,0.91192037,5772,1091,24,68362,5796,69453,75249,1000,30,1000,,./weights/sn_normal_vae_weights.pt,./datasets/anomaly/SN/SN_normal.pt
SN,normal,edge_threshold,0.78,0.6,0.84554513,0.99551415,0.91442155,5770,1054,26,68399,5796,69453,75249,1000,30,1000,,./weights/sn_normal_vae_weights.pt,./datasets/anomaly/SN/SN_normal.pt
SN,normal,edge_threshold,0.79,0.6,0.84827992,0.99551415,0.91601842,5770,1032,26,68421,5796,69453,75249,1000,30,1000,,./weights/sn_normal_vae_weights.pt,./datasets/anomaly/SN/SN_normal.pt
SN,normal,edge_threshold,0.8,0.6,0.85232816,0.99482402,0.91807977,5766,999,30,68454,5796,69453,75249,1000,30,1000,,./weights/sn_normal_vae_weights.pt,./datasets/anomaly/SN/SN_normal.pt
SN,normal,edge_threshold,0.81,0.6,0.85521436,0.99465148,0.91967775,5765,976,31,68477,5796,69453,75249,1000,30,1000,,./weights/sn_normal_vae_weights.pt,./datasets/anomaly/SN/SN_normal.pt
SN,normal,edge_threshold,0.82,0.6,0.85899538,0.99430642,0.92171132,5763,946,33,68507,5796,69453,75249,1000,30,1000,,./weights/sn_normal_vae_weights.pt,./datasets/anomaly/SN/SN_normal.pt
SN,normal,edge_threshold,0.83,0.6,0.86203801,0.99396135,0.92331116,5761,922,35,68531,5796,69453,75249,1000,30,1000,,./weights/sn_normal_vae_weights.pt,./datasets/anomaly/SN/SN_normal.pt
SN,normal,edge_threshold,0.84,0.6,0.86536439,0.99361629,0.92506626,5759,896,37,68557,5796,69453,75249,1000,30,1000,,./weights/sn_normal_vae_weights.pt,./datasets/anomaly/SN/SN_normal.pt
SN,normal,edge_threshold,0.85,0.6,0.86896135,0.99309869,0.92689211,5756,868,40,68585,5796,69453,75249,1000,30,1000,,./weights/sn_normal_vae_weights.pt,./datasets/anomaly/SN/SN_normal.pt
SN,normal,edge_threshold,0.86,0.6,0.87228879,0.99223602,0.92840423,5751,842,45,68611,5796,69453,75249,1000,30,1000,,./weights/sn_normal_vae_weights.pt,./datasets/anomaly/SN/SN_normal.pt
SN,normal,edge_threshold,0.87,0.6,0.87780663,0.99154589,0.93121607,5747,800,49,68653,5796,69453,75249,1000,30,1000,,./weights/sn_normal_vae_weights.pt,./datasets/anomaly/SN/SN_normal.pt
SN,normal,edge_threshold,0.88,0.6,0.88208199,0.99120083,0.93346332,5745,768,51,68685,5796,69453,75249,1000,30,1000,,./weights/sn_normal_vae_weights.pt,./datasets/anomaly/SN/SN_normal.pt
SN,normal,edge_threshold,0.89,0.6,0.8855115,0.99016563,0.93491895,5739,742,57,68711,5796,69453,75249,1000,30,1000,,./weights/sn_normal_vae_weights.pt,./datasets/anomaly/SN/SN_normal.pt
SN,normal,edge_threshold,0.9,0.6,0.89089214,0.9889579,0.93736713,5732,702,64,68751,5796,69453,75249,1000,30,1000,,./weights/sn_normal_vae_weights.pt,./datasets/anomaly/SN/SN_normal.pt
SN,normal,edge_threshold,0.91,0.6,0.89877589,0.98809524,0.9413215,5727,645,69,68808,5796,69453,75249,1000,30,1000,,./weights/sn_normal_vae_weights.pt,./datasets/anomaly/SN/SN_normal.pt
SN,normal,edge_threshold,0.92,0.6,0.90397089,0.98585231,0.94313774,5714,607,82,68846,5796,69453,75249,1000,30,1000,,./weights/sn_normal_vae_weights.pt,./datasets/anomaly/SN/SN_normal.pt
SN,normal,edge_threshold,0.93,0.6,0.91112532,0.98343685,0.9459011,5700,556,96,68897,5796,69453,75249,1000,30,1000,,./weights/sn_normal_vae_weights.pt,./datasets/anomaly/SN/SN_normal.pt
SN,normal,edge_threshold,0.94,0.6,0.92071197,0.98171153,0.9502338,5690,490,106,68963,5796,69453,75249,1000,30,1000,,./weights/sn_normal_vae_weights.pt,./datasets/anomaly/SN/SN_normal.pt
SN,normal,edge_threshold,0.95,0.6,0.92776597,0.9794686,0.95291649,5677,442,119,69011,5796,69453,75249,1000,30,1000,,./weights/sn_normal_vae_weights.pt,./datasets/anomaly/SN/SN_normal.pt
SN,normal,edge_threshold,0.96,0.6,0.93617725,0.97688061,0.95609591,5662,386,134,69067,5796,69453,75249,1000,30,1000,,./weights/sn_normal_vae_weights.pt,./datasets/anomaly/SN/SN_normal.pt
SN,normal,edge_threshold,0.97,0.6,0.94684775,0.97429262,0.96037415,5647,317,149,69136,5796,69453,75249,1000,30,1000,,./weights/sn_normal_vae_weights.pt,./datasets/anomaly/SN/SN_normal.pt
SN,normal,edge_threshold,0.98,0.6,0.95914198,0.97204969,0.9655527,5634,240,162,69213,5796,69453,75249,1000,30,1000,,./weights/sn_normal_vae_weights.pt,./datasets/anomaly/SN/SN_normal.pt
SN,normal,edge_threshold,0.99,0.6,0.97613656,0.96687371,0.97148305,5604,137,192,69316,5796,69453,75249,1000,30,1000,,./weights/sn_normal_vae_weights.pt,./datasets/anomaly/SN/SN_normal.pt
SN,abnormal,edge_threshold,0.01,0.6,0.76315072,1.0,0.86566703,8400,2607,0,57420,8400,60027,68427,1000,30,1000,,./weights/sn_abnormal_vae_weights.pt,./datasets/anomaly/SN/SN_abnormal.pt
SN,abnormal,edge_threshold,0.02,0.6,0.80598733,1.0,0.89257252,8400,2022,0,58005,8400,60027,68427,1000,30,1000,,./weights/sn_abnormal_vae_weights.pt,./datasets/anomaly/SN/SN_abnormal.pt
SN,abnormal,edge_threshold,0.03,0.6,0.8265276,1.0,0.90502613,8400,1763,0,58264,8400,60027,68427,1000,30,1000,,./weights/sn_abnormal_vae_weights.pt,./datasets/anomaly/SN/SN_abnormal.pt
SN,abnormal,edge_threshold,0.04,0.6,0.84134615,1.0,0.91383812,8400,1584,0,58443,8400,60027,68427,1000,30,1000,,./weights/sn_abnormal_vae_weights.pt,./datasets/anomaly/SN/SN_abnormal.pt
SN,abnormal,edge_threshold,0.05,0.6,0.85037457,1.0,0.91913776,8400,1478,0,58549,8400,60027,68427,1000,30,1000,,./weights/sn_abnormal_vae_weights.pt,./datasets/anomaly/SN/SN_abnormal.pt
SN,abnormal,edge_threshold,0.06,0.6,0.85863232,1.0,0.92393994,8400,1383,0,58644,8400,60027,68427,1000,30,1000,,./weights/sn_abnormal_vae_weights.pt,./datasets/anomaly/SN/SN_abnormal.pt
SN,abnormal,edge_threshold,0.07,0.6,0.86499846,1.0,0.92761305,8400,1311,0,58716,8400,60027,68427,1000,30,1000,,./weights/sn_abnormal_vae_weights.pt,./datasets/anomaly/SN/SN_abnormal.pt
SN,abnormal,edge_threshold,0.08,0.6,0.87227414,1.0,0.93178037,8400,1230,0,58797,8400,60027,68427,1000,30,1000,,./weights/sn_abnormal_vae_weights.pt,./datasets/anomaly/SN/SN_abnormal.pt
SN,abnormal,edge_threshold,0.09,0.6,0.87810997,1.0,0.93509963,8400,1166,0,58861,8400,60027,68427,1000,30,1000,,./weights/sn_abnormal_vae_weights.pt,./datasets/anomaly/SN/SN_abnormal.pt
SN,abnormal,edge_threshold,0.1,0.6,0.88198236,1.0,0.93729078,8400,1124,0,58903,8400,60027,68427,1000,30,1000,,./weights/sn_abnormal_vae_weights.pt,./datasets/anomaly/SN/SN_abnormal.pt
SN,abnormal,edge_threshold,0.11,0.6,0.88673071,1.0,0.93996531,8400,1073,0,58954,8400,60027,68427,1000,30,1000,,./weights/sn_abnormal_vae_weights.pt,./datasets/anomaly/SN/SN_abnormal.pt
SN,abnormal,edge_threshold,0.12,0.6,0.89030207,1.0,0.94196804,8400,1035,0,58992,8400,60027,68427,1000,30,1000,,./weights/sn_abnormal_vae_weights.pt,./datasets/anomaly/SN/SN_abnormal.pt
SN,abnormal,edge_threshold,0.13,0.6,0.89285714,1.0,0.94339623,8400,1008,0,59019,8400,60027,68427,1000,30,1000,,./weights/sn_abnormal_vae_weights.pt,./datasets/anomaly/SN/SN_abnormal.pt
SN,abnormal,edge_threshold,0.14,0.6,0.89494993,1.0,0.94456314,8400,986,0,59041,8400,60027,68427,1000,30,1000,,./weights/sn_abnormal_vae_weights.pt,./datasets/anomaly/SN/SN_abnormal.pt
SN,abnormal,edge_threshold,0.15,0.6,0.89772363,1.0,0.94610576,8400,957,0,59070,8400,60027,68427,1000,30,1000,,./weights/sn_abnormal_vae_weights.pt,./datasets/anomaly/SN/SN_abnormal.pt
SN,abnormal,edge_threshold,0.16,0.6,0.89974293,1.0,0.94722598,8400,936,0,59091,8400,60027,68427,1000,30,1000,,./weights/sn_abnormal_vae_weights.pt,./datasets/anomaly/SN/SN_abnormal.pt
SN,abnormal,edge_threshold,0.17,0.6,0.90206186,1.0,0.94850949,8400,912,0,59115,8400,60027,68427,1000,30,1000,,./weights/sn_abnormal_vae_weights.pt,./datasets/anomaly/SN/SN_abnormal.pt
SN,abnormal,edge_threshold,0.18,0.6,0.90361446,1.0,0.94936709,8400,896,0,59131,8400,60027,68427,1000,30,1000,,./weights/sn_abnormal_vae_weights.pt,./datasets/anomaly/SN/SN_abnormal.pt
SN,abnormal,edge_threshold,0.19,0.6,0.90585571,1.0,0.95060261,8400,873,0,59154,8400,60027,68427,1000,30,1000,,./weights/sn_abnormal_vae_weights.pt,./datasets/anomaly/SN/SN_abnormal.pt
SN,abnormal,edge_threshold,0.2,0.6,0.9083045,1.0,0.95194923,8400,848,0,59179,8400,60027,68427,1000,30,1000,,./weights/sn_abnormal_vae_weights.pt,./datasets/anomaly/SN/SN_abnormal.pt
SN,abnormal,edge_threshold,0.21,0.6,0.91017445,1.0,0.95297521,8400,829,0,59198,8400,60027,68427,1000,30,1000,,./weights/sn_abnormal_vae_weights.pt,./datasets/anomaly/SN/SN_abnormal.pt
SN,abnormal,edge_threshold,0.22,0.6,0.91126058,1.0,0.95357021,8400,818,0,59209,8400,60027,68427,1000,30,1000,,./weights/sn_abnormal_vae_weights.pt,./datasets/anomaly/SN/SN_abnormal.pt
SN,abnormal,edge_threshold,0.23,0.6,0.91264668,1.0,0.95432856,8400,804,0,59223,8400,60027,68427,1000,30,1000,,./weights/sn_abnormal_vae_weights.pt,./datasets/anomaly/SN/SN_abnormal.pt
SN,abnormal,edge_threshold,0.24,0.6,0.91443501,1.0,0.95530536,8400,786,0,59241,8400,60027,68427,1000,30,1000,,./weights/sn_abnormal_vae_weights.pt,./datasets/anomaly/SN/SN_abnormal.pt
SN,abnormal,edge_threshold,0.25,0.6,0.91543156,1.0,0.95584888,8400,776,0,59251,8400,60027,68427,1000,30,1000,,./weights/sn_abnormal_vae_weights.pt,./datasets/anomaly/SN/SN_abnormal.pt
SN,abnormal,edge_threshold,0.26,0.6,0.91643029,1.0,0.95639303,8400,766,0,59261,8400,60027,68427,1000,30,1000,,./weights/sn_abnormal_vae_weights.pt,./datasets/anomaly/SN/SN_abnormal.pt
SN,abnormal,edge_threshold,0.27,0.6,0.917331,1.0,0.95688329,8400,757,0,59270,8400,60027,68427,1000,30,1000,,./weights/sn_abnormal_vae_weights.pt,./datasets/anomaly/SN/SN_abnormal.pt
SN,abnormal,edge_threshold,0.28,0.6,0.91873564,1.0,0.95764692,8400,743,0,59284,8400,60027,68427,1000,30,1000,,./weights/sn_abnormal_vae_weights.pt,./datasets/anomaly/SN/SN_abnormal.pt
SN,abnormal,edge_threshold,0.29,0.6,0.9197416,1.0,0.95819312,8400,733,0,59294,8400,60027,68427,1000,30,1000,,./weights/sn_abnormal_vae_weights.pt,./datasets/anomaly/SN/SN_abnormal.pt
SN,abnormal,edge_threshold,0.3,0.6,0.92095165,1.0,0.95884938,8400,721,0,59306,8400,60027,68427,1000,30,1000,,./weights/sn_abnormal_vae_weights.pt,./datasets/anomaly/SN/SN_abnormal.pt
SN,abnormal,edge_threshold,0.31,0.6,0.92226614,1.0,0.95956134,8400,708,0,59319,8400,60027,68427,1000,30,1000,,./weights/sn_abnormal_vae_weights.pt,./datasets/anomaly/SN/SN_abnormal.pt
SN,abnormal,edge_threshold,0.32,0.6,0.92307692,1.0,0.96,8400,700,0,59327,8400,60027,68427,1000,30,1000,,./weights/sn_abnormal_vae_weights.pt,./datasets/anomaly/SN/SN_abnormal.pt
SN,abnormal,edge_threshold,0.33,0.6,0.92399076,1.0,0.96049397,8400,691,0,59336,8400,60027,68427,1000,30,1000,,./weights/sn_abnormal_vae_weights.pt,./datasets/anomaly/SN/SN_abnormal.pt
SN,abnormal,edge_threshold,0.34,0.6,0.92500826,1.0,0.96104342,8400,681,0,59346,8400,60027,68427,1000,30,1000,,./weights/sn_abnormal_vae_weights.pt,./datasets/anomaly/SN/SN_abnormal.pt
SN,abnormal,edge_threshold,0.35,0.6,0.92551785,1.0,0.96131838,8400,676,0,59351,8400,60027,68427,1000,30,1000,,./weights/sn_abnormal_vae_weights.pt,./datasets/anomaly/SN/SN_abnormal.pt
SN,abnormal,edge_threshold,0.36,0.6,0.9261301,1.0,0.96164854,8400,670,0,59357,8400,60027,68427,1000,30,1000,,./weights/sn_abnormal_vae_weights.pt,./datasets/anomaly/SN/SN_abnormal.pt
SN,abnormal,edge_threshold,0.37,0.6,0.92735703,1.0,0.96230954,8400,658,0,59369,8400,60027,68427,1000,30,1000,,./weights/sn_abnormal_vae_weights.pt,./datasets/anomaly/SN/SN_abnormal.pt
SN,abnormal,edge_threshold,0.38,0.6,0.92848458,1.0,0.96291626,8400,647,0,59380,8400,60027,68427,1000,30,1000,,./weights/sn_abnormal_vae_weights.pt,./datasets/anomaly/SN/SN_abnormal.pt
SN,abnormal,edge_threshold,0.39,0.6,0.92961487,1.0,0.96352374,8400,636,0,59391,8400,60027,68427,1000,30,1000,,./weights/sn_abnormal_vae_weights.pt,./datasets/anomaly/SN/SN_abnormal.pt
SN,abnormal,edge_threshold,0.4,0.6,0.93054171,1.0,0.96402135,8400,627,0,59400,8400,60027,68427,1000,30,1000,,./weights/sn_abnormal_vae_weights.pt,./datasets/anomaly/SN/SN_abnormal.pt
SN,abnormal,edge_threshold,0.41,0.6,0.93126386,1.0,0.96440873,8400,620,0,59407,8400,60027,68427,1000,30,1000,,./weights/sn_abnormal_vae_weights.pt,./datasets/anomaly/SN/SN_abnormal.pt
SN,abnormal,edge_threshold,0.42,0.6,0.93147039,1.0,0.96451946,8400,618,0,59409,8400,60027,68427,1000,30,1000,,./weights/sn_abnormal_vae_weights.pt,./datasets/anomaly/SN/SN_abnormal.pt
SN,abnormal,edge_threshold,0.43,0.6,0.93240093,1.0,0.96501809,8400,609,0,59418,8400,60027,68427,1000,30,1000,,./weights/sn_abnormal_vae_weights.pt,./datasets/anomaly/SN/SN_abnormal.pt
SN,abnormal,edge_threshold,0.44,0.6,0.93385214,1.0,0.96579477,8400,595,0,59432,8400,60027,68427,1000,30,1000,,./weights/sn_abnormal_vae_weights.pt,./datasets/anomaly/SN/SN_abnormal.pt
SN,abnormal,edge_threshold,0.45,0.6,0.93478745,1.0,0.96629472,8400,586,0,59441,8400,60027,68427,1000,30,1000,,./weights/sn_abnormal_vae_weights.pt,./datasets/anomaly/SN/SN_abnormal.pt
SN,abnormal,edge_threshold,0.46,0.6,0.93520374,1.0,0.96651709,8400,582,0,59445,8400,60027,68427,1000,30,1000,,./weights/sn_abnormal_vae_weights.pt,./datasets/anomaly/SN/SN_abnormal.pt
SN,abnormal,edge_threshold,0.47,0.6,0.93603744,1.0,0.96696213,8400,574,0,59453,8400,60027,68427,1000,30,1000,,./weights/sn_abnormal_vae_weights.pt,./datasets/anomaly/SN/SN_abnormal.pt
SN,abnormal,edge_threshold,0.48,0.6,0.93666369,1.0,0.96729618,8400,568,0,59459,8400,60027,68427,1000,30,1000,,./weights/sn_abnormal_vae_weights.pt,./datasets/anomaly/SN/SN_abnormal.pt
SN,abnormal,edge_threshold,0.49,0.6,0.93729078,1.0,0.96763046,8400,562,0,59465,8400,60027,68427,1000,30,1000,,./weights/sn_abnormal_vae_weights.pt,./datasets/anomaly/SN/SN_abnormal.pt
SN,abnormal,edge_threshold,0.5,0.6,0.93791871,1.0,0.96796497,8400,556,0,59471,8400,60027,68427,1000,30,1000,,./weights/sn_abnormal_vae_weights.pt,./datasets/anomaly/SN/SN_abnormal.pt
SN,abnormal,edge_threshold,0.51,0.6,0.93875726,1.0,0.96841134,8400,548,0,59479,8400,60027,68427,1000,30,1000,,./weights/sn_abnormal_vae_weights.pt,./datasets/anomaly/SN/SN_abnormal.pt
SN,abnormal,edge_threshold,0.52,0.6,0.93938716,1.0,0.9687464,8400,542,0,59485,8400,60027,68427,1000,30,1000,,./weights/sn_abnormal_vae_weights.pt,./datasets/anomaly/SN/SN_abnormal.pt
SN,abnormal,edge_threshold,0.53,0.6,0.94001791,1.0,0.96908168,8400,536,0,59491,8400,60027,68427,1000,30,1000,,./weights/sn_abnormal_vae_weights.pt,./datasets/anomaly/SN/SN_abnormal.pt
SN,abnormal,edge_threshold,0.54,0.6,0.94096561,1.0,0.96958504,8400,527,0,59500,8400,60027,68427,1000,30,1000,,./weights/sn_abnormal_vae_weights.pt,./datasets/anomaly/SN/SN_abnormal.pt
SN,abnormal,edge_threshold,0.55,0.6,0.94159848,1.0,0.96992091,8400,521,0,59506,8400,60027,68427,1000,30,1000,,./weights/sn_abnormal_vae_weights.pt,./datasets/anomaly/SN/SN_abnormal.pt
SN,abnormal,edge_threshold,0.56,0.6,0.94191523,1.0,0.97008892,8400,518,0,59509,8400,60027,68427,1000,30,1000,,./weights/sn_abnormal_vae_weights.pt,./datasets/anomaly/SN/SN_abnormal.pt
SN,abnormal,edge_threshold,0.57,0.6,0.94276094,1.0,0.97053726,8400,510,0,59517,8400,60027,68427,1000,30,1000,,./weights/sn_abnormal_vae_weights.pt,./datasets/anomaly/SN/SN_abnormal.pt
SN,abnormal,edge_threshold,0.58,0.6,0.94318437,1.0,0.97076159,8400,506,0,59521,8400,60027,68427,1000,30,1000,,./weights/sn_abnormal_vae_weights.pt,./datasets/anomaly/SN/SN_abnormal.pt
SN,abnormal,edge_threshold,0.59,0.6,0.94360818,1.0,0.97098601,8400,502,0,59525,8400,60027,68427,1000,30,1000,,./weights/sn_abnormal_vae_weights.pt,./datasets/anomaly/SN/SN_abnormal.pt
SN,abnormal,edge_threshold,0.6,0.6,0.94435076,1.0,0.97137901,8400,495,0,59532,8400,60027,68427,1000,30,1000,,./weights/sn_abnormal_vae_weights.pt,./datasets/anomaly/SN/SN_abnormal.pt
SN,abnormal,edge_threshold,0.61,0.6,0.94530722,1.0,0.97188476,8400,486,0,59541,8400,60027,68427,1000,30,1000,,./weights/sn_abnormal_vae_weights.pt,./datasets/anomaly/SN/SN_abnormal.pt
SN,abnormal,edge_threshold,0.62,0.6,0.94637224,1.0,0.97244733,8400,476,0,59551,8400,60027,68427,1000,30,1000,,./weights/sn_abnormal_vae_weights.pt,./datasets/anomaly/SN/SN_abnormal.pt
SN,abnormal,edge_threshold,0.63,0.6,0.94690565,1.0,0.97272885,8400,471,0,59556,8400,60027,68427,1000,30,1000,,./weights/sn_abnormal_vae_weights.pt,./datasets/anomaly/SN/SN_abnormal.pt
SN,abnormal,edge_threshold,0.64,0.6,0.94776035,1.0,0.97317963,8400,463,0,59564,8400,60027,68427,1000,30,1000,,./weights/sn_abnormal_vae_weights.pt,./datasets/anomaly/SN/SN_abnormal.pt
SN,abnormal,edge_threshold,0.65,0.6,0.94829533,1.0,0.97346158,8400,458,0,59569,8400,60027,68427,1000,30,1000,,./weights/sn_abnormal_vae_weights.pt,./datasets/anomaly/SN/SN_abnormal.pt
SN,abnormal,edge_threshold,0.66,0.6,0.9492598,1.0,0.97396951,8400,449,0,59578,8400,60027,68427,1000,30,1000,,./weights/sn_abnormal_vae_weights.pt,./datasets/anomaly/SN/SN_abnormal.pt
SN,abnormal,edge_threshold,0.67,0.6,0.94968909,1.0,0.97419542,8400,445,0,59582,8400,60027,68427,1000,30,1000,,./weights/sn_abnormal_vae_weights.pt,./datasets/anomaly/SN/SN_abnormal.pt
SN,abnormal,edge_threshold,0.68,0.6,0.94990388,1.0,0.97430842,8400,443,0,59584,8400,60027,68427,1000,30,1000,,./weights/sn_abnormal_vae_weights.pt,./datasets/anomaly/SN/SN_abnormal.pt
SN,abnormal,edge_threshold,0.69,0.6,0.95011876,1.0,0.97442144,8400,441,0,59586,8400,60027,68427,1000,30,1000,,./weights/sn_abnormal_vae_weights.pt,./datasets/anomaly/SN/SN_abnormal.pt
SN,abnormal,edge_threshold,0.7,0.6,0.95087163,1.0,0.97481722,8400,434,0,59593,8400,60027,68427,1000,30,1000,,./weights/sn_abnormal_vae_weights.pt,./datasets/anomaly/SN/SN_abnormal.pt
SN,abnormal,edge_threshold,0.71,0.6,0.95130238,1.0,0.97504353,8400,430,0,59597,8400,60027,68427,1000,30,1000,,./weights/sn_abnormal_vae_weights.pt,./datasets/anomaly/SN/SN_abnormal.pt
SN,abnormal,edge_threshold,0.72,0.6,0.95205712,1.0,0.97543982,8400,423,0,59604,8400,60027,68427,1000,30,1000,,./weights/sn_abnormal_vae_weights.pt,./datasets/anomaly/SN/SN_abnormal.pt
SN,abnormal,edge_threshold,0.73,0.6,0.95324557,1.0,0.97606321,8400,412,0,59615,8400,60027,68427,1000,30,1000,,./weights/sn_abnormal_vae_weights.pt,./datasets/anomaly/SN/SN_abnormal.pt
SN,abnormal,edge_threshold,0.74,0.6,0.95400341,1.0,0.97646033,8400,405,0,59622,8400,60027,68427,1000,30,1000,,./weights/sn_abnormal_vae_weights.pt,./datasets/anomaly/SN/SN_abnormal.pt
SN,abnormal,edge_threshold,0.75,0.6,0.95476245,1.0,0.97685777,8400,398,0,59629,8400,60027,68427,1000,30,1000,,./weights/sn_abnormal_vae_weights.pt,./datasets/anomaly/SN/SN_abnormal.pt
SN,abnormal,edge_threshold,0.76,0.6,0.95552269,1.0,0.97725554,8400,391,0,59636,8400,60027,68427,1000,30,1000,,./weights/sn_abnormal_vae_weights.pt,./datasets/anomaly/SN/SN_abnormal.pt
SN,abnormal,edge_threshold,0.77,0.6,0.95628415,1.0,0.97765363,8400,384,0,59643,8400,60027,68427,1000,30,1000,,./weights/sn_abnormal_vae_weights.pt,./datasets/anomaly/SN/SN_abnormal.pt
SN,abnormal,edge_threshold,0.78,0.6,0.9569378,1.0,0.97799511,8400,378,0,59649,8400,60027,68427,1000,30,1000,,./weights/sn_abnormal_vae_weights.pt,./datasets/anomaly/SN/SN_abnormal.pt
SN,abnormal,edge_threshold,0.79,0.6,0.9580292,1.0,0.97856477,8400,368,0,59659,8400,60027,68427,1000,30,1000,,./weights/sn_abnormal_vae_weights.pt,./datasets/anomaly/SN/SN_abnormal.pt
SN,abnormal,edge_threshold,0.8,0.6,0.95901359,1.0,0.97907803,8400,359,0,59668,8400,60027,68427,1000,30,1000,,./weights/sn_abnormal_vae_weights.pt,./datasets/anomaly/SN/SN_abnormal.pt
SN,abnormal,edge_threshold,0.81,0.6,0.96021493,0.99988095,0.97964659,8399,348,1,59679,8400,60027,68427,1000,30,1000,,./weights/sn_abnormal_vae_weights.pt,./datasets/anomaly/SN/SN_abnormal.pt
SN,abnormal,edge_threshold,0.82,0.6,0.9611995,0.9997619,0.98010153,8398,339,2,59688,8400,60027,68427,1000,30,1000,,./weights/sn_abnormal_vae_weights.pt,./datasets/anomaly/SN/SN_abnormal.pt
SN,abnormal,edge_threshold,0.83,0.6,0.96207608,0.99964286,0.98049977,8397,331,3,59696,8400,60027,68427,1000,30,1000,,./weights/sn_abnormal_vae_weights.pt,./datasets/anomaly/SN/SN_abnormal.pt
SN,abnormal,edge_threshold,0.84,0.6,0.96317963,0.99964286,0.98107256,8397,321,3,59706,8400,60027,68427,1000,30,1000,,./weights/sn_abnormal_vae_weights.pt,./datasets/anomaly/SN/SN_abnormal.pt
SN,abnormal,edge_threshold,0.85,0.6,0.96439237,0.99952381,0.98164387,8396,310,4,59717,8400,60027,68427,1000,30,1000,,./weights/sn_abnormal_vae_weights.pt,./datasets/anomaly/SN/SN_abnormal.pt
SN,abnormal,edge_threshold,0.86,0.6,0.96516841,0.99952381,0.98204573,8396,303,4,59724,8400,60027,68427,1000,30,1000,,./weights/sn_abnormal_vae_weights.pt,./datasets/anomaly/SN/SN_abnormal.pt
SN,abnormal,edge_threshold,0.87,0.6,0.96627532,0.99940476,0.98256086,8395,293,5,59734,8400,60027,68427,1000,30,1000,,./weights/sn_abnormal_vae_weights.pt,./datasets/anomaly/SN/SN_abnormal.pt
SN,abnormal,edge_threshold,0.88,0.6,0.96749654,0.99928571,0.98313422,8394,282,6,59745,8400,60027,68427,1000,30,1000,,./weights/sn_abnormal_vae_weights.pt,./datasets/anomaly/SN/SN_abnormal.pt
SN,abnormal,edge_threshold,0.89,0.6,0.9684903,0.99892857,0.98347398,8391,273,9,59754,8400,60027,68427,1000,30,1000,,./weights/sn_abnormal_vae_weights.pt,./datasets/anomaly/SN/SN_abnormal.pt
SN,abnormal,edge_threshold,0.9,0.6,0.96926277,0.99857143,0.98369884,8388,266,12,59761,8400,60027,68427,1000,30,1000,,./weights/sn_abnormal_vae_weights.pt,./datasets/anomaly/SN/SN_abnormal.pt
SN,abnormal,edge_threshold,0.91,0.6,0.97047244,0.9977381,0.98391641,8381,255,19,59772,8400,60027,68427,1000,30,1000,,./weights/sn_abnormal_vae_weights.pt,./datasets/anomaly/SN/SN_abnormal.pt
SN,abnormal,edge_threshold,0.92,0.6,0.97202229,0.99678571,0.98424827,8373,241,27,59786,8400,60027,68427,1000,30,1000,,./weights/sn_abnormal_vae_weights.pt,./datasets/anomaly/SN/SN_abnormal.pt
SN,abnormal,edge_threshold,0.93,0.6,0.97447255,0.9952381,0.98474586,8360,219,40,59808,8400,60027,68427,1000,30,1000,,./weights/sn_abnormal_vae_weights.pt,./datasets/anomaly/SN/SN_abnormal.pt
SN,abnormal,edge_threshold,0.94,0.6,0.97637979,0.99404762,0.9851345,8350,202,50,59825,8400,60027,68427,1000,30,1000,,./weights/sn_abnormal_vae_weights.pt,./datasets/anomaly/SN/SN_abnormal.pt
SN,abnormal,edge_threshold,0.95,0.6,0.97847565,0.99035714,0.98438055,8319,183,81,59844,8400,60027,68427,1000,30,1000,,./weights/sn_abnormal_vae_weights.pt,./datasets/anomaly/SN/SN_abnormal.pt
SN,abnormal,edge_threshold,0.96,0.6,0.98161765,0.98535714,0.98348384,8277,155,123,59872,8400,60027,68427,1000,30,1000,,./weights/sn_abnormal_vae_weights.pt,./datasets/anomaly/SN/SN_abnormal.pt
SN,abnormal,edge_threshold,0.97,0.6,0.98421808,0.98,0.98210451,8232,132,168,59895,8400,60027,68427,1000,30,1000,,./weights/sn_abnormal_vae_weights.pt,./datasets/anomaly/SN/SN_abnormal.pt
SN,abnormal,edge_threshold,0.98,0.6,0.98838757,0.9727381,0.98050039,8171,96,229,59931,8400,60027,68427,1000,30,1000,,./weights/sn_abnormal_vae_weights.pt,./datasets/anomaly/SN/SN_abnormal.pt
SN,abnormal,edge_threshold,0.99,0.6,0.99225378,0.96071429,0.97622936,8070,63,330,59964,8400,60027,68427,1000,30,1000,,./weights/sn_abnormal_vae_weights.pt,./datasets/anomaly/SN/SN_abnormal.pt
TT,normal,parent_threshold,0.01,,0.6503368,1.0,0.78812616,3186,1713,0,62647,3186,64360,67546,1000,30,1000,1.0,./weights/tt_normal_vae_weights.pt,./datasets/anomaly/TT/TT_normal.pt
TT,normal,parent_threshold,0.02,,0.67600255,1.0,0.80668439,3186,1527,0,62833,3186,64360,67546,1000,30,1000,1.0,./weights/tt_normal_vae_weights.pt,./datasets/anomaly/TT/TT_normal.pt
TT,normal,parent_threshold,0.03,,0.69245816,1.0,0.81828689,3186,1415,0,62945,3186,64360,67546,1000,30,1000,1.0,./weights/tt_normal_vae_weights.pt,./datasets/anomaly/TT/TT_normal.pt
TT,normal,parent_threshold,0.04,,0.70674357,1.0,0.8281778,3186,1322,0,63038,3186,64360,67546,1000,30,1000,1.0,./weights/tt_normal_vae_weights.pt,./datasets/anomaly/TT/TT_normal.pt
TT,normal,parent_threshold,0.05,,0.71870065,1.0,0.83633023,3186,1247,0,63113,3186,64360,67546,1000,30,1000,1.0,./weights/tt_normal_vae_weights.pt,./datasets/anomaly/TT/TT_normal.pt
TT,normal,parent_threshold,0.06,,0.73056638,1.0,0.844309,3186,1175,0,63185,3186,64360,67546,1000,30,1000,1.0,./weights/tt_normal_vae_weights.pt,./datasets/anomaly/TT/TT_normal.pt
TT,normal,parent_threshold,0.07,,0.73778087,0.99968613,0.84899374,3185,1132,1,63228,3186,64360,67546,1000,30,1000,1.0,./weights/tt_normal_vae_weights.pt,./datasets/anomaly/TT/TT_normal.pt
TT,normal,parent_threshold,0.08,,0.74537795,0.99968613,0.85400188,3185,1088,1,63272,3186,64360,67546,1000,30,1000,1.0,./weights/tt_normal_vae_weights.pt,./datasets/anomaly/TT/TT_normal.pt
TT,normal,parent_threshold,0.09,,0.7514751,0.99937225,0.85787417,3184,1053,2,63307,3186,64360,67546,1000,30,1000,1.0,./weights/tt_normal_vae_weights.pt,./datasets/anomaly/TT/TT_normal.pt
TT,normal,parent_threshold,0.1,,0.75762631,0.99780289,0.8612842,3179,1017,7,63343,3186,64360,67546,1000,30,1000,1.0,./weights/tt_normal_vae_weights.pt,./datasets/anomaly/TT/TT_normal.pt
TT,normal,parent_threshold,0.11,,0.76481928,0.99623352,0.8653217,3174,976,12,63384,3186,64360,67546,1000,30,1000,1.0,./weights/tt_normal_vae_weights.pt,./datasets/anomaly/TT/TT_normal.pt
TT,normal,parent_threshold,0.12,,0.77196398,0.99560578,0.86963674,3172,937,14,63423,3186,64360,67546,1000,30,1000,1.0,./weights/tt_normal_vae_weights.pt,./datasets/anomaly/TT/TT_normal.pt
TT,normal,parent_threshold,0.13,,0.7798278,0.99497803,0.87436216,3170,895,16,63465,3186,64360,67546,1000,30,1000,1.0,./weights/tt_normal_vae_weights.pt,./datasets/anomaly/TT/TT_normal.pt
TT,normal,parent_threshold,0.14,,0.78574975,0.99340866,0.87746049,3165,863,21,63497,3186,64360,67546,1000,30,1000,1.0,./weights/tt_normal_vae_weights.pt,./datasets/anomaly/TT/TT_normal.pt
TT,normal,parent_threshold,0.15,,0.79487179,0.99246704,0.88274707,3162,816,24,63544,3186,64360,67546,1000,30,1000,1.0,./weights/tt_normal_vae_weights.pt,./datasets/anomaly/TT/TT_normal.pt
TT,normal,parent_threshold,0.16,,0.80010134,0.99121155,0.88546194,3158,789,28,63571,3186,64360,67546,1000,30,1000,1.0,./weights/tt_normal_vae_weights.pt,./datasets/anomaly/TT/TT_normal.pt
TT,normal,parent_threshold,0.17,,0.80603118,0.98995606,0.88857586,3154,759,32,63601,3186,64360,67546,1000,30,1000,1.0,./weights/tt_normal_vae_weights.pt,./datasets/anomaly/TT/TT_normal.pt
TT,normal,parent_threshold,0.18,,0.81203202,0.9871312,0.89106106,3145,728,41,63632,3186,64360,67546,1000,30,1000,1.0,./weights/tt_normal_vae_weights.pt,./datasets/anomaly/TT/TT_normal.pt
TT,normal,parent_threshold,0.19,,0.82065359,0.98524796,0.89545001,3139,686,47,63674,3186,64360,67546,1000,30,1000,1.0,./weights/tt_normal_vae_weights.pt,./datasets/anomaly/TT/TT_normal.pt
TT,normal,parent_threshold,0.2,,0.82761352,0.98399247,0.89905363,3135,653,51,63707,3186,64360,67546,1000,30,1000,1.0,./weights/tt_normal_vae_weights.pt,./datasets/anomaly/TT/TT_normal.pt
TT,normal,parent_threshold,0.21,,0.83404369,0.98273697,0.90230548,3131,623,55,63737,3186,64360,67546,1000,30,1000,1.0,./weights/tt_normal_vae_weights.pt,./datasets/anomaly/TT/TT_normal.pt
TT,normal,parent_threshold,0.22,,0.84204852,0.98053986,0.90603248,3124,586,62,63774,3186,64360,67546,1000,30,1000,1.0,./weights/tt_normal_vae_weights.pt,./datasets/anomaly/TT/TT_normal.pt
TT,normal,parent_threshold,0.23,,0.84740701,0.97959824,0.90872034,3121,562,65,63798,3186,64360,67546,1000,30,1000,1.0,./weights/tt_normal_vae_weights.pt,./datasets/anomaly/TT/TT_normal.pt
TT,normal,parent_threshold,0.24,,0.85291701,0.97740113,0.91092584,3114,537,72,63823,3186,64360,67546,1000,30,1000,1.0,./weights/tt_normal_vae_weights.pt,./datasets/anomaly/TT/TT_normal.pt
TT,normal,parent_threshold,0.25,,0.85702457,0.97457627,0.9120282,3105,518,81,63842,3186,64360,67546,1000,30,1000,1.0,./weights/tt_normal_vae_weights.pt,./datasets/anomaly/TT/TT_normal.pt
TT,normal,parent_threshold,0.26,,0.86123471,0.97206529,0.91329991,3097,499,89,63861,3186,64360,67546,1000,30,1000,1.0,./weights/tt_normal_vae_weights.pt,./datasets/anomaly/TT/TT_normal.pt
TT,normal,parent_threshold,0.27,,0.86777092,0.97018205,0.9161233,3091,471,95,63889,3186,64360,67546,1000,30,1000,1.0,./weights/tt_normal_vae_weights.pt,./datasets/anomaly/TT/TT_normal.pt
TT,normal,parent_threshold,0.28,,0.87400681,0.96672944,0.91803279,3080,444,106,63916,3186,64360,67546,1000,30,1000,1.0,./weights/tt_normal_vae_weights.pt,./datasets/anomaly/TT/TT_normal.pt
TT,normal,parent_threshold,0.29,,0.87685291,0.96547395,0.91903197,3076,432,110,63928,3186,64360,67546,1000,30,1000,1.0,./weights/tt_normal_vae_weights.pt,./datasets/anomaly/TT/TT_normal.pt
TT,normal,parent_threshold,0.3,,0.88392857,0.96327684,0.92189847,3069,403,117,63957,3186,64360,67546,1000,30,1000,1.0,./weights/tt_normal_vae_weights.pt,./datasets/anomaly/TT/TT_normal.pt
TT,normal,parent_threshold,0.31,,0.88924419,0.9601381,0.92333233,3059,381,127,63979,3186,64360,67546,1000,30,1000,1.0,./weights/tt_normal_vae_weights.pt,./datasets/anomaly/TT/TT_normal.pt
TT,normal,parent_threshold,0.32,,0.89384164,0.9566855,0.92419648,3048,362,138,63998,3186,64360,67546,1000,30,1000,1.0,./weights/tt_normal_vae_weights.pt,./datasets/anomaly/TT/TT_normal.pt
TT,normal,parent_threshold,0.33,,0.89852071,0.95323289,0.92506853,3037,343,149,64017,3186,64360,67546,1000,30,1000,1.0,./weights/tt_normal_vae_weights.pt,./datasets/anomaly/TT/TT_normal.pt
TT,normal,parent_threshold,0.34,,0.90205418,0.95103578,0.92589763,3030,329,156,64031,3186,64360,67546,1000,30,1000,1.0,./weights/tt_normal_vae_weights.pt,./datasets/anomaly/TT/TT_normal.pt
TT,normal,parent_threshold,0.35,,0.90723506,0.9485248,0.92742059,3022,309,164,64051,3186,64360,67546,1000,30,1000,1.0,./weights/tt_normal_vae_weights.pt,./datasets/anomaly/TT/TT_normal.pt
TT,normal,parent_threshold,0.36,,0.91175582,0.94695543,0.92902232,3017,292,169,64068,3186,64360,67546,1000,30,1000,1.0,./weights/tt_normal_vae_weights.pt,./datasets/anomaly/TT/TT_normal.pt
TT,normal,parent_threshold,0.37,,0.91575426,0.94507219,0.93018227,3011,277,175,64083,3186,64360,67546,1000,30,1000,1.0,./weights/tt_normal_vae_weights.pt,./datasets/anomaly/TT/TT_normal.pt
TT,normal,parent_threshold,0.38,,0.92031873,0.94256121,0.93130718,3003,260,183,64100,3186,64360,67546,1000,30,1000,1.0,./weights/tt_normal_vae_weights.pt,./datasets/anomaly/TT/TT_normal.pt
TT,normal,parent_threshold,0.39,,0.92269787,0.94036409,0.93144723,2996,251,190,64109,3186,64360,67546,1000,30,1000,1.0,./weights/tt_normal_vae_weights.pt,./datasets/anomaly/TT/TT_normal.pt
TT,normal,parent_threshold,0.4,,0.92648883,0.93753923,0.93198128,2987,237,199,64123,3186,64360,67546,1000,30,1000,1.0,./weights/tt_normal_vae_weights.pt,./datasets/anomaly/TT/TT_normal.pt
TT,normal,parent_threshold,0.41,,0.93073323,0.93628374,0.93350023,2983,222,203,64138,3186,64360,67546,1000,30,1000,1.0,./weights/tt_normal_vae_weights.pt,./datasets/anomaly/TT/TT_normal.pt
TT,normal,parent_threshold,0.42,,0.93524049,0.93377276,0.93450605,2975,206,211,64154,3186,64360,67546,1000,30,1000,1.0,./weights/tt_normal_vae_weights.pt,./datasets/anomaly/TT/TT_normal.pt
TT,normal,parent_threshold,0.43,,0.9380531,0.93157564,0.93480315,2968,196,218,64164,3186,64360,67546,1000,30,1000,1.0,./weights/tt_normal_vae_weights.pt,./datasets/anomaly/TT/TT_normal.pt
TT,normal,parent_threshold,0.44,,0.9408773,0.92906466,0.93493367,2960,186,226,64174,3186,64360,67546,1000,30,1000,1.0,./weights/tt_normal_vae_weights.pt,./datasets/anomaly/TT/TT_normal.pt
TT,normal,parent_threshold,0.45,,0.94373402,0.92655367,0.93506494,2952,176,234,64184,3186,64360,67546,1000,30,1000,1.0,./weights/tt_normal_vae_weights.pt,./datasets/anomaly/TT/TT_normal.pt
TT,normal,parent_threshold,0.46,,0.948437,0.92372881,0.93591986,2943,160,243,64200,3186,64360,67546,1000,30,1000,1.0,./weights/tt_normal_vae_weights.pt,./datasets/anomaly/TT/TT_normal.pt
TT,normal,parent_threshold,0.47,,0.95221066,0.91933459,0.93548387,2929,147,257,64213,3186,64360,67546,1000,30,1000,1.0,./weights/tt_normal_vae_weights.pt,./datasets/anomaly/TT/TT_normal.pt
TT,normal,parent_threshold,0.48,,0.9567355,0.91619586,0.93602694,2919,132,267,64228,3186,64360,67546,1000,30,1000,1.0,./weights/tt_normal_vae_weights.pt,./datasets/anomaly/TT/TT_normal.pt
TT,normal,parent_threshold,0.49,,0.95976253,0.913371,0.93599228,2910,122,276,64238,3186,64360,67546,1000,30,1000,1.0,./weights/tt_normal_vae_weights.pt,./datasets/anomaly/TT/TT_normal.pt
TT,normal,parent_threshold,0.5,,0.96255799,0.91180163,0.93649259,2905,113,281,64247,3186,64360,67546,1000,30,1000,1.0,./weights/tt_normal_vae_weights.pt,./datasets/anomaly/TT/TT_normal.pt
TT,normal,parent_threshold,0.51,,0.96438083,0.90929065,0.93602585,2897,107,289,64253,3186,64360,67546,1000,30,1000,1.0,./weights/tt_normal_vae_weights.pt,./datasets/anomaly/TT/TT_normal.pt
TT,normal,parent_threshold,0.52,,0.96592048,0.90740741,0.93575012,2891,102,295,64258,3186,64360,67546,1000,30,1000,1.0,./weights/tt_normal_vae_weights.pt,./datasets/anomaly/TT/TT_normal.pt
TT,normal,parent_threshold,0.53,,0.96732907,0.90144382,0.93322502,2872,97,314,64263,3186,64360,67546,1000,30,1000,1.0,./weights/tt_normal_vae_weights.pt,./datasets/anomaly/TT/TT_normal.pt
TT,normal,parent_threshold,0.54,,0.97113752,0.89767734,0.93296363,2860,85,326,64275,3186,64360,67546,1000,30,1000,1.0,./weights/tt_normal_vae_weights.pt,./datasets/anomaly/TT/TT_normal.pt
TT,normal,parent_threshold,0.55,,0.97265892,0.89328311,0.93128272,2846,80,340,64280,3186,64360,67546,1000,30,1000,1.0,./weights/tt_normal_vae_weights.pt,./datasets/anomaly/TT/TT_normal.pt
TT,normal,parent_threshold,0.56,,0.97459664,0.891086,0.93097229,2839,74,347,64286,3186,64360,67546,1000,30,1000,1.0,./weights/tt_normal_vae_weights.pt,./datasets/anomaly/TT/TT_normal.pt
TT,normal,parent_threshold,0.57,,0.97619048,0.88794727,0.92998028,2829,69,357,64291,3186,64360,67546,1000,30,1000,1.0,./weights/tt_normal_vae_weights.pt,./datasets/anomaly/TT/TT_normal.pt
TT,normal,parent_threshold,0.58,,0.97784701,0.88669178,0.93004115,2825,64,361,64296,3186,64360,67546,1000,30,1000,1.0,./weights/tt_normal_vae_weights.pt,./datasets/anomaly/TT/TT_normal.pt
TT,normal,parent_threshold,0.59,,0.9794854,0.88418079,0.92939624,2817,59,369,64301,3186,64360,67546,1000,30,1000,1.0,./weights/tt_normal_vae_weights.pt,./datasets/anomaly/TT/TT_normal.pt
TT,normal,parent_threshold,0.6,,0.98011165,0.88166981,0.92828817,2809,57,377,64303,3186,64360,67546,1000,30,1000,1.0,./weights/tt_normal_vae_weights.pt,./datasets/anomaly/TT/TT_normal.pt
TT,normal,parent_threshold,0.61,,0.98107256,0.87853107,0.92697466,2799,54,387,64306,3186,64360,67546,1000,30,1000,1.0,./weights/tt_normal_vae_weights.pt,./datasets/anomaly/TT/TT_normal.pt
TT,normal,parent_threshold,0.62,,0.98342736,0.87539234,0.92627034,2789,47,397,64313,3186,64360,67546,1000,30,1000,1.0,./weights/tt_normal_vae_weights.pt,./datasets/anomaly/TT/TT_normal.pt
TT,normal,parent_threshold,0.63,,0.98440269,0.87162586,0.92458798,2777,44,409,64316,3186,64360,67546,1000,30,1000,1.0,./weights/tt_normal_vae_weights.pt,./datasets/anomaly/TT/TT_normal.pt
TT,normal,parent_threshold,0.64,,0.986121,0.86974262,0.92428286,2771,39,415,64321,3186,64360,67546,1000,30,1000,1.0,./weights/tt_normal_vae_weights.pt,./datasets/anomaly/TT/TT_normal.pt
TT,normal,parent_threshold,0.65,,0.98817628,0.86566227,0.92287101,2758,33,428,64327,3186,64360,67546,1000,30,1000,1.0,./weights/tt_normal_vae_weights.pt,./datasets/anomaly/TT/TT_normal.pt
TT,normal,parent_threshold,0.66,,0.98883285,0.86158192,0.92083194,2745,31,441,64329,3186,64360,67546,1000,30,1000,1.0,./weights/tt_normal_vae_weights.pt,./datasets/anomaly/TT/TT_normal.pt
TT,normal,parent_threshold,0.67,,0.98949275,0.8571877,0.91860074,2731,29,455,64331,3186,64360,67546,1000,30,1000,1.0,./weights/tt_normal_vae_weights.pt,./datasets/anomaly/TT/TT_normal.pt
TT,normal,parent_threshold,0.68,,0.99089253,0.85373509,0.91721463,2720,25,466,64335,3186,64360,67546,1000,30,1000,1.0,./weights/tt_normal_vae_weights.pt,./datasets/anomaly/TT/TT_normal.pt
TT,normal,parent_threshold,0.69,,0.99268203,0.85153798,0.9167089,2713,20,473,64340,3186,64360,67546,1000,30,1000,1.0,./weights/tt_normal_vae_weights.pt,./datasets/anomaly/TT/TT_normal.pt
TT,normal,parent_threshold,0.7,,0.99301214,0.84745763,0.91447925,2700,19,486,64341,3186,64360,67546,1000,30,1000,1.0,./weights/tt_normal_vae_weights.pt,./datasets/anomaly/TT/TT_normal.pt
TT,normal,parent_threshold,0.71,,0.99334073,0.84274953,0.91186959,2685,18,501,64342,3186,64360,67546,1000,30,1000,1.0,./weights/tt_normal_vae_weights.pt,./datasets/anomaly/TT/TT_normal.pt
TT,normal,parent_threshold,0.72,,0.99405425,0.8396108,0.9103284,2675,16,511,64344,3186,64360,67546,1000,30,1000,1.0,./weights/tt_normal_vae_weights.pt,./datasets/anomaly/TT/TT_normal.pt
TT,normal,parent_threshold,0.73,,0.99476831,0.83553045,0.90822245,2662,14,524,64346,3186,64360,67546,1000,30,1000,1.0,./weights/tt_normal_vae_weights.pt,./datasets/anomaly/TT/TT_normal.pt
TT,normal,parent_threshold,0.74,,0.99511645,0.83145009,0.90595075,2649,13,537,64347,3186,64360,67546,1000,30,1000,1.0,./weights/tt_normal_vae_weights.pt,./datasets/anomaly/TT/TT_normal.pt
TT,normal,parent_threshold,0.75,,0.99509989,0.82862524,0.90426443,2640,13,546,64347,3186,64360,67546,1000,30,1000,1.0,./weights/tt_normal_vae_weights.pt,./datasets/anomaly/TT/TT_normal.pt
TT,normal,parent_threshold,0.76,,0.99546142,0.82611425,0.90291595,2632,12,554,64348,3186,64360,67546,1000,30,1000,1.0,./weights/tt_normal_vae_weights.pt,./datasets/anomaly/TT/TT_normal.pt
TT,normal,parent_threshold,0.77,,0.99544765,0.82360326,0.90140845,2624,12,562,64348,3186,64360,67546,1000,30,1000,1.0,./weights/tt_normal_vae_weights.pt,./datasets/anomaly/TT/TT_normal.pt
TT,normal,parent_threshold,0.78,,0.99656357,0.81920904,0.89922481,2610,9,576,64351,3186,64360,67546,1000,30,1000,1.0,./weights/tt_normal_vae_weights.pt,./datasets/anomaly/TT/TT_normal.pt
TT,normal,parent_threshold,0.79,,0.9965504,0.81607031,0.89732528,2600,9,586,64351,3186,64360,67546,1000,30,1000,1.0,./weights/tt_normal_vae_weights.pt,./datasets/anomaly/TT/TT_normal.pt
TT,normal,parent_threshold,0.8,,0.99730354,0.8126177,0.89553788,2589,7,597,64353,3186,64360,67546,1000,30,1000,1.0,./weights/tt_normal_vae_weights.pt,./datasets/anomaly/TT/TT_normal.pt
TT,normal,parent_threshold,0.81,,0.99767622,0.80853735,0.89320388,2576,6,610,64354,3186,64360,67546,1000,30,1000,1.0,./weights/tt_normal_vae_weights.pt,./datasets/anomaly/TT/TT_normal.pt
TT,normal,parent_threshold,0.82,,0.99805447,0.80508475,0.89124392,2565,5,621,64355,3186,64360,67546,1000,30,1000,1.0,./weights/tt_normal_vae_weights.pt,./datasets/anomaly/TT/TT_normal.pt
TT,normal,parent_threshold,0.83,,0.99882675,0.80163214,0.88943061,2554,3,632,64357,3186,64360,67546,1000,30,1000,1.0,./weights/tt_normal_vae_weights.pt,./datasets/anomaly/TT/TT_normal.pt
TT,normal,parent_threshold,0.84,,0.99882029,0.79723792,0.8867167,2540,3,646,64357,3186,64360,67546,1000,30,1000,1.0,./weights/tt_normal_vae_weights.pt,./datasets/anomaly/TT/TT_normal.pt
TT,normal,parent_threshold,0.85,,0.99881376,0.79284369,0.8839895,2526,3,660,64357,3186,64360,67546,1000,30,1000,1.0,./weights/tt_normal_vae_weights.pt,./datasets/anomaly/TT/TT_normal.pt
TT,normal,parent_threshold,0.86,,0.99880383,0.78625235,0.87987355,2505,3,681,64357,3186,64360,67546,1000,30,1000,1.0,./weights/tt_normal_vae_weights.pt,./datasets/anomaly/TT/TT_normal.pt
TT,normal,parent_threshold,0.87,,0.9987947,0.78028876,0.87612335,2486,3,700,64357,3186,64360,67546,1000,30,1000,1.0,./weights/tt_normal_vae_weights.pt,./datasets/anomaly/TT/TT_normal.pt
TT,normal,parent_threshold,0.88,,0.99919257,0.77683616,0.874095,2475,2,711,64358,3186,64360,67546,1000,30,1000,1.0,./weights/tt_normal_vae_weights.pt,./datasets/anomaly/TT/TT_normal.pt
TT,normal,parent_threshold,0.89,,0.999593,0.77087257,0.87045898,2456,1,730,64359,3186,64360,67546,1000,30,1000,1.0,./weights/tt_normal_vae_weights.pt,./datasets/anomaly/TT/TT_normal.pt
TT,normal,parent_threshold,0.9,,1.0,0.76647834,0.86780384,2442,0,744,64360,3186,64360,67546,1000,30,1000,1.0,./weights/tt_normal_vae_weights.pt,./datasets/anomaly/TT/TT_normal.pt
TT,normal,parent_threshold,0.91,,1.0,0.75737602,0.86193963,2413,0,773,64360,3186,64360,67546,1000,30,1000,1.0,./weights/tt_normal_vae_weights.pt,./datasets/anomaly/TT/TT_normal.pt
TT,normal,parent_threshold,0.92,,1.0,0.75078468,0.85765507,2392,0,794,64360,3186,64360,67546,1000,30,1000,1.0,./weights/tt_normal_vae_weights.pt,./datasets/anomaly/TT/TT_normal.pt
TT,normal,parent_threshold,0.93,,1.0,0.74482109,0.85375067,2373,0,813,64360,3186,64360,67546,1000,30,1000,1.0,./weights/tt_normal_vae_weights.pt,./datasets/anomaly/TT/TT_normal.pt
TT,normal,parent_threshold,0.94,,1.0,0.73258004,0.84565217,2334,0,852,64360,3186,64360,67546,1000,30,1000,1.0,./weights/tt_normal_vae_weights.pt,./datasets/anomaly/TT/TT_normal.pt
TT,normal,parent_threshold,0.95,,1.0,0.71971124,0.83701405,2293,0,893,64360,3186,64360,67546,1000,30,1000,1.0,./weights/tt_normal_vae_weights.pt,./datasets/anomaly/TT/TT_normal.pt
TT,normal,parent_threshold,0.96,,1.0,0.70621469,0.82781457,2250,0,936,64360,3186,64360,67546,1000,30,1000,1.0,./weights/tt_normal_vae_weights.pt,./datasets/anomaly/TT/TT_normal.pt
TT,normal,parent_threshold,0.97,,1.0,0.68957941,0.81627345,2197,0,989,64360,3186,64360,67546,1000,30,1000,1.0,./weights/tt_normal_vae_weights.pt,./datasets/anomaly/TT/TT_normal.pt
TT,normal,parent_threshold,0.98,,1.0,0.65881984,0.79432356,2099,0,1087,64360,3186,64360,67546,1000,30,1000,1.0,./weights/tt_normal_vae_weights.pt,./datasets/anomaly/TT/TT_normal.pt
TT,normal,parent_threshold,0.99,,1.0,0.61644696,0.76271845,1964,0,1222,64360,3186,64360,67546,1000,30,1000,1.0,./weights/tt_normal_vae_weights.pt,./datasets/anomaly/TT/TT_normal.pt
TT,abnormal,parent_threshold,0.01,,0.63426752,1.0,0.77621015,4979,2871,0,80142,4979,83013,87992,1000,30,1000,1.0,./weights/tt_abnormal_vae_weights.pt,./datasets/anomaly/TT/TT_abnormal.pt
TT,abnormal,parent_threshold,0.02,,0.65881419,0.99979916,0.79425608,4978,2578,1,80435,4979,83013,87992,1000,30,1000,1.0,./weights/tt_abnormal_vae_weights.pt,./datasets/anomaly/TT/TT_abnormal.pt
TT,abnormal,parent_threshold,0.03,,0.67507459,0.99979916,0.80595807,4978,2396,1,80617,4979,83013,87992,1000,30,1000,1.0,./weights/tt_abnormal_vae_weights.pt,./datasets/anomaly/TT/TT_abnormal.pt
TT,abnormal,parent_threshold,0.04,,0.68737918,0.99979916,0.81466328,4978,2264,1,80749,4979,83013,87992,1000,30,1000,1.0,./weights/tt_abnormal_vae_weights.pt,./datasets/anomaly/TT/TT_abnormal.pt
TT,abnormal,parent_threshold,0.05,,0.69883411,0.99919663,0.82244999,4975,2144,4,80869,4979,83013,87992,1000,30,1000,1.0,./weights/tt_abnormal_vae_weights.pt,./datasets/anomaly/TT/TT_abnormal.pt
TT,abnormal,parent_threshold,0.06,,0.70798349,0.99919663,0.82875229,4975,2052,4,80961,4979,83013,87992,1000,30,1000,1.0,./weights/tt_abnormal_vae_weights.pt,./datasets/anomaly/TT/TT_abnormal.pt
TT,abnormal,parent_threshold,0.07,,0.71607606,0.99839325,0.83399044,4971,1971,8,81042,4979,83013,87992,1000,30,1000,1.0,./weights/tt_abnormal_vae_weights.pt,./datasets/anomaly/TT/TT_abnormal.pt
TT,abnormal,parent_threshold,0.08,,0.7257051,0.99738903,0.84012857,4966,1877,13,81136,4979,83013,87992,1000,30,1000,1.0,./weights/tt_abnormal_vae_weights.pt,./datasets/anomaly/TT/TT_abnormal.pt
TT,abnormal,parent_threshold,0.09,,0.73518957,0.99698735,0.84630466,4964,1788,15,81225,4979,83013,87992,1000,30,1000,1.0,./weights/tt_abnormal_vae_weights.pt,./datasets/anomaly/TT/TT_abnormal.pt
TT,abnormal,parent_threshold,0.1,,0.74299835,0.99638482,0.85123542,4961,1716,18,81297,4979,83013,87992,1000,30,1000,1.0,./weights/tt_abnormal_vae_weights.pt,./datasets/anomaly/TT/TT_abnormal.pt
TT,abnormal,parent_threshold,0.11,,0.7511374,0.99477807,0.85595783,4953,1641,26,81372,4979,83013,87992,1000,30,1000,1.0,./weights/tt_abnormal_vae_weights.pt,./datasets/anomaly/TT/TT_abnormal.pt
TT,abnormal,parent_threshold,0.12,,0.75933036,0.99297048,0.86057441,4944,1567,35,81446,4979,83013,87992,1000,30,1000,1.0,./weights/tt_abnormal_vae_weights.pt,./datasets/anomaly/TT/TT_abnormal.pt
TT,abnormal,parent_threshold,0.13,,0.7657462,0.99136373,0.86407002,4936,1510,43,81503,4979,83013,87992,1000,30,1000,1.0,./weights/tt_abnormal_vae_weights.pt,./datasets/anomaly/TT/TT_abnormal.pt
TT,abnormal,parent_threshold,0.14,,0.77409212,0.98895361,0.86843034,4924,1437,55,81576,4979,83013,87992,1000,30,1000,1.0,./weights/tt_abnormal_vae_weights.pt,./datasets/anomaly/TT/TT_abnormal.pt
TT,abnormal,parent_threshold,0.15,,0.78109611,0.9875477,0.87227249,4917,1378,62,81635,4979,83013,87992,1000,30,1000,1.0,./weights/tt_abnormal_vae_weights.pt,./datasets/anomaly/TT/TT_abnormal.pt
TT,abnormal,parent_threshold,0.16,,0.78757225,0.98513758,0.87534577,4905,1323,74,81690,4979,83013,87992,1000,30,1000,1.0,./weights/tt_abnormal_vae_weights.pt,./datasets/anomaly/TT/TT_abnormal.pt
TT,abnormal,parent_threshold,0.17,,0.79345006,0.9829283,0.87808379,4894,1274,85,81739,4979,83013,87992,1000,30,1000,1.0,./weights/tt_abnormal_vae_weights.pt,./datasets/anomaly/TT/TT_abnormal.pt
TT,abnormal,parent_threshold,0.18,,0.79862588,0.98051818,0.88027407,4882,1231,97,81782,4979,83013,87992,1000,30,1000,1.0,./weights/tt_abnormal_vae_weights.pt,./datasets/anomaly/TT/TT_abnormal.pt
TT,abnormal,parent_threshold,0.19,,0.80459201,0.9783089,0.8829874,4871,1183,108,81830,4979,83013,87992,1000,30,1000,1.0,./weights/tt_abnormal_vae_weights.pt,./datasets/anomaly/TT/TT_abnormal.pt
TT,abnormal,parent_threshold,0.2,,0.80980163,0.97569793,0.88504281,4858,1141,121,81872,4979,83013,87992,1000,30,1000,1.0,./weights/tt_abnormal_vae_weights.pt,./datasets/anomaly/TT/TT_abnormal.pt
TT,abnormal,parent_threshold,0.21,,0.81550126,0.97208275,0.88693421,4840,1095,139,81918,4979,83013,87992,1000,30,1000,1.0,./weights/tt_abnormal_vae_weights.pt,./datasets/anomaly/TT/TT_abnormal.pt
TT,abnormal,parent_threshold,0.22,,0.82316865,0.970476,0.89077334,4832,1038,147,81975,4979,83013,87992,1000,30,1000,1.0,./weights/tt_abnormal_vae_weights.pt,./datasets/anomaly/TT/TT_abnormal.pt
TT,abnormal,parent_threshold,0.23,,0.82692967,0.96826672,0.89203442,4821,1009,158,82004,4979,83013,87992,1000,30,1000,1.0,./weights/tt_abnormal_vae_weights.pt,./datasets/anomaly/TT/TT_abnormal.pt
TT,abnormal,parent_threshold,0.24,,0.83365101,0.96625828,0.89506977,4811,960,168,82053,4979,83013,87992,1000,30,1000,1.0,./weights/tt_abnormal_vae_weights.pt,./datasets/anomaly/TT/TT_abnormal.pt
TT,abnormal,parent_threshold,0.25,,0.83874913,0.96424985,0.89713165,4801,923,178,82090,4979,83013,87992,1000,30,1000,1.0,./weights/tt_abnormal_vae_weights.pt,./datasets/anomaly/TT/TT_abnormal.pt
TT,abnormal,parent_threshold,0.26,,0.84551554,0.96183973,0.89993423,4789,875,190,82138,4979,83013,87992,1000,30,1000,1.0,./weights/tt_abnormal_vae_weights.pt,./datasets/anomaly/TT/TT_abnormal.pt
TT,abnormal,parent_threshold,0.27,,0.85032924,0.95963045,0.90167956,4778,841,201,82172,4979,83013,87992,1000,30,1000,1.0,./weights/tt_abnormal_vae_weights.pt,./datasets/anomaly/TT/TT_abnormal.pt
TT,abnormal,parent_threshold,0.28,,0.85557948,0.95782286,0.90381882,4769,805,210,82208,4979,83013,87992,1000,30,1000,1.0,./weights/tt_abnormal_vae_weights.pt,./datasets/anomaly/TT/TT_abnormal.pt
TT,abnormal,parent_threshold,0.29,,0.85959834,0.95420767,0.90443556,4751,776,228,82237,4979,83013,87992,1000,30,1000,1.0,./weights/tt_abnormal_vae_weights.pt,./datasets/anomaly/TT/TT_abnormal.pt
TT,abnormal,parent_threshold,0.3,,0.86592281,0.95079333,0.90637565,4734,733,245,82280,4979,83013,87992,1000,30,1000,1.0,./weights/tt_abnormal_vae_weights.pt,./datasets/anomaly/TT/TT_abnormal.pt
TT,abnormal,parent_threshold,0.31,,0.87014183,0.9487849,0.90776326,4724,705,255,82308,4979,83013,87992,1000,30,1000,1.0,./weights/tt_abnormal_vae_weights.pt,./datasets/anomaly/TT/TT_abnormal.pt
TT,abnormal,parent_threshold,0.32,,0.87444362,0.9469773,0.90926622,4715,677,264,82336,4979,83013,87992,1000,30,1000,1.0,./weights/tt_abnormal_vae_weights.pt,./datasets/anomaly/TT/TT_abnormal.pt
TT,abnormal,parent_threshold,0.33,,0.88022493,0.94316128,0.91060694,4696,639,283,82374,4979,83013,87992,1000,30,1000,1.0,./weights/tt_abnormal_vae_weights.pt,./datasets/anomaly/TT/TT_abnormal.pt
TT,abnormal,parent_threshold,0.34,,0.88475345,0.94055031,0.91179907,4683,610,296,82403,4979,83013,87992,1000,30,1000,1.0,./weights/tt_abnormal_vae_weights.pt,./datasets/anomaly/TT/TT_abnormal.pt
TT,abnormal,parent_threshold,0.35,,0.88922726,0.93834103,0.91312421,4672,582,307,82431,4979,83013,87992,1000,30,1000,1.0,./weights/tt_abnormal_vae_weights.pt,./datasets/anomaly/TT/TT_abnormal.pt
TT,abnormal,parent_threshold,0.36,,0.89563713,0.93593091,0.9153408,4660,543,319,82470,4979,83013,87992,1000,30,1000,1.0,./weights/tt_abnormal_vae_weights.pt,./datasets/anomaly/TT/TT_abnormal.pt
TT,abnormal,parent_threshold,0.37,,0.90108611,0.9331191,0.91682289,4646,510,333,82503,4979,83013,87992,1000,30,1000,1.0,./weights/tt_abnormal_vae_weights.pt,./datasets/anomaly/TT/TT_abnormal.pt
TT,abnormal,parent_threshold,0.38,,0.90683108,0.93050813,0.91851705,4633,476,346,82537,4979,83013,87992,1000,30,1000,1.0,./weights/tt_abnormal_vae_weights.pt,./datasets/anomaly/TT/TT_abnormal.pt
TT,abnormal,parent_threshold,0.39,,0.91021855,0.9284997,0.91926824,4623,456,356,82557,4979,83013,87992,1000,30,1000,1.0,./weights/tt_abnormal_vae_weights.pt,./datasets/anomaly/TT/TT_abnormal.pt
TT,abnormal,parent_threshold,0.4,,0.91375199,0.92347861,0.91858955,4598,434,381,82579,4979,83013,87992,1000,30,1000,1.0,./weights/tt_abnormal_vae_weights.pt,./datasets/anomaly/TT/TT_abnormal.pt
TT,abnormal,parent_threshold,0.41,,0.91831832,0.92126933,0.91979146,4587,408,392,82605,4979,83013,87992,1000,30,1000,1.0,./weights/tt_abnormal_vae_weights.pt,./datasets/anomaly/TT/TT_abnormal.pt
TT,abnormal,parent_threshold,0.42,,0.92211461,0.91785499,0.91997987,4570,386,409,82627,4979,83013,87992,1000,30,1000,1.0,./weights/tt_abnormal_vae_weights.pt,./datasets/anomaly/TT/TT_abnormal.pt
TT,abnormal,parent_threshold,0.43,,0.92719138,0.91564571,0.92138238,4559,358,420,82655,4979,83013,87992,1000,30,1000,1.0,./weights/tt_abnormal_vae_weights.pt,./datasets/anomaly/TT/TT_abnormal.pt
TT,abnormal,parent_threshold,0.44,,0.93135246,0.9128339,0.9220002,4545,335,434,82678,4979,83013,87992,1000,30,1000,1.0,./weights/tt_abnormal_vae_weights.pt,./datasets/anomaly/TT/TT_abnormal.pt
TT,abnormal,parent_threshold,0.45,,0.93385535,0.91022294,0.92188771,4532,321,447,82692,4979,83013,87992,1000,30,1000,1.0,./weights/tt_abnormal_vae_weights.pt,./datasets/anomaly/TT/TT_abnormal.pt
TT,abnormal,parent_threshold,0.46,,0.93672199,0.9068086,0.9215226,4515,305,464,82708,4979,83013,87992,1000,30,1000,1.0,./weights/tt_abnormal_vae_weights.pt,./datasets/anomaly/TT/TT_abnormal.pt
TT,abnormal,parent_threshold,0.47,,0.94004596,0.90379594,0.92156461,4500,287,479,82726,4979,83013,87992,1000,30,1000,1.0,./weights/tt_abnormal_vae_weights.pt,./datasets/anomaly/TT/TT_abnormal.pt
TT,abnormal,parent_threshold,0.48,,0.944,0.90058245,0.92178024,4484,266,495,82747,4979,83013,87992,1000,30,1000,1.0,./weights/tt_abnormal_vae_weights.pt,./datasets/anomaly/TT/TT_abnormal.pt
TT,abnormal,parent_threshold,0.49,,0.94662148,0.89756979,0.9214433,4469,252,510,82761,4979,83013,87992,1000,30,1000,1.0,./weights/tt_abnormal_vae_weights.pt,./datasets/anomaly/TT/TT_abnormal.pt
TT,abnormal,parent_threshold,0.5,,0.9498827,0.89455714,0.92139015,4454,235,525,82778,4979,83013,87992,1000,30,1000,1.0,./weights/tt_abnormal_vae_weights.pt,./datasets/anomaly/TT/TT_abnormal.pt
TT,abnormal,parent_threshold,0.51,,0.95316864,0.8911428,0.92111273,4437,218,542,82795,4979,83013,87992,1000,30,1000,1.0,./weights/tt_abnormal_vae_weights.pt,./datasets/anomaly/TT/TT_abnormal.pt
TT,abnormal,parent_threshold,0.52,,0.95675676,0.88873268,0.92149105,4425,200,554,82813,4979,83013,87992,1000,30,1000,1.0,./weights/tt_abnormal_vae_weights.pt,./datasets/anomaly/TT/TT_abnormal.pt
TT,abnormal,parent_threshold,0.53,,0.95907706,0.88491665,0.92050559,4406,188,573,82825,4979,83013,87992,1000,30,1000,1.0,./weights/tt_abnormal_vae_weights.pt,./datasets/anomaly/TT/TT_abnormal.pt
TT,abnormal,parent_threshold,0.54,,0.96122673,0.88130147,0.9195306,4388,177,591,82836,4979,83013,87992,1000,30,1000,1.0,./weights/tt_abnormal_vae_weights.pt,./datasets/anomaly/TT/TT_abnormal.pt
TT,abnormal,parent_threshold,0.55,,0.96430932,0.87909219,0.91973104,4377,162,602,82851,4979,83013,87992,1000,30,1000,1.0,./weights/tt_abnormal_vae_weights.pt,./datasets/anomaly/TT/TT_abnormal.pt
TT,abnormal,parent_threshold,0.56,,0.96698427,0.87648122,0.91951117,4364,149,615,82864,4979,83013,87992,1000,30,1000,1.0,./weights/tt_abnormal_vae_weights.pt,./datasets/anomaly/TT/TT_abnormal.pt
TT,abnormal,parent_threshold,0.57,,0.96814435,0.87286604,0.91803971,4346,143,633,82870,4979,83013,87992,1000,30,1000,1.0,./weights/tt_abnormal_vae_weights.pt,./datasets/anomaly/TT/TT_abnormal.pt
TT,abnormal,parent_threshold,0.58,,0.97086508,0.87005423,0.9176994,4332,130,647,82883,4979,83013,87992,1000,30,1000,1.0,./weights/tt_abnormal_vae_weights.pt,./datasets/anomaly/TT/TT_abnormal.pt
TT,abnormal,parent_threshold,0.59,,0.97400542,0.86543483,0.91651601,4309,115,670,82898,4979,83013,87992,1000,30,1000,1.0,./weights/tt_abnormal_vae_weights.pt,./datasets/anomaly/TT/TT_abnormal.pt
TT,abnormal,parent_threshold,0.6,,0.97546012,0.86222133,0.91535181,4293,108,686,82905,4979,83013,87992,1000,30,1000,1.0,./weights/tt_abnormal_vae_weights.pt,./datasets/anomaly/TT/TT_abnormal.pt
TT,abnormal,parent_threshold,0.61,,0.97717937,0.86001205,0.91485952,4282,100,697,82913,4979,83013,87992,1000,30,1000,1.0,./weights/tt_abnormal_vae_weights.pt,./datasets/anomaly/TT/TT_abnormal.pt
TT,abnormal,parent_threshold,0.62,,0.9793246,0.85619602,0.91363052,4263,90,716,82923,4979,83013,87992,1000,30,1000,1.0,./weights/tt_abnormal_vae_weights.pt,./datasets/anomaly/TT/TT_abnormal.pt
TT,abnormal,parent_threshold,0.63,,0.98035136,0.85177747,0.91155293,4241,85,738,82928,4979,83013,87992,1000,30,1000,1.0,./weights/tt_abnormal_vae_weights.pt,./datasets/anomaly/TT/TT_abnormal.pt
TT,abnormal,parent_threshold,0.64,,0.98235021,0.84956819,0.91114701,4230,76,749,82937,4979,83013,87992,1000,30,1000,1.0,./weights/tt_abnormal_vae_weights.pt,./datasets/anomaly/TT/TT_abnormal.pt
TT,abnormal,parent_threshold,0.65,,0.98411215,0.845953,0.90981747,4212,68,767,82945,4979,83013,87992,1000,30,1000,1.0,./weights/tt_abnormal_vae_weights.pt,./datasets/anomaly/TT/TT_abnormal.pt
TT,abnormal,parent_threshold,0.66,,0.98544601,0.84314119,0.90875636,4198,62,781,82951,4979,83013,87992,1000,30,1000,1.0,./weights/tt_abnormal_vae_weights.pt,./datasets/anomaly/TT/TT_abnormal.pt
TT,abnormal,parent_threshold,0.67,,0.98655343,0.8399277,0.90735517,4182,57,797,82956,4979,83013,87992,1000,30,1000,1.0,./weights/tt_abnormal_vae_weights.pt,./datasets/anomaly/TT/TT_abnormal.pt
TT,abnormal,parent_threshold,0.68,,0.9885823,0.83470576,0.90515082,4156,48,823,82965,4979,83013,87992,1000,30,1000,1.0,./weights/tt_abnormal_vae_weights.pt,./datasets/anomaly/TT/TT_abnormal.pt
TT,abnormal,parent_threshold,0.69,,0.98925245,0.83189395,0.90377482,4142,45,837,82968,4979,83013,87992,1000,30,1000,1.0,./weights/tt_abnormal_vae_weights.pt,./datasets/anomaly/TT/TT_abnormal.pt
TT,abnormal,parent_threshold,0.7,,0.99041916,0.83048805,0.90343019,4135,40,844,82973,4979,83013,87992,1000,30,1000,1.0,./weights/tt_abnormal_vae_weights.pt,./datasets/anomaly/TT/TT_abnormal.pt
TT,abnormal,parent_threshold,0.71,,0.99157439,0.82727455,0.90200372,4119,35,860,82978,4979,83013,87992,1000,30,1000,1.0,./weights/tt_abnormal_vae_weights.pt,./datasets/anomaly/TT/TT_abnormal.pt
TT,abnormal,parent_threshold,0.72,,0.99226493,0.82446274,0.9006143,4105,32,874,82981,4979,83013,87992,1000,30,1000,1.0,./weights/tt_abnormal_vae_weights.pt,./datasets/anomaly/TT/TT_abnormal.pt
TT,abnormal,parent_threshold,0.73,,0.99223678,0.82145009,0.89880233,4090,32,889,82981,4979,83013,87992,1000,30,1000,1.0,./weights/tt_abnormal_vae_weights.pt,./datasets/anomaly/TT/TT_abnormal.pt
TT,abnormal,parent_threshold,0.74,,0.9931724,0.81803575,0.89713656,4073,28,906,82985,4979,83013,87992,1000,30,1000,1.0,./weights/tt_abnormal_vae_weights.pt,./datasets/anomaly/TT/TT_abnormal.pt
TT,abnormal,parent_threshold,0.75,,0.99363057,0.81462141,0.89526542,4056,26,923,82987,4979,83013,87992,1000,30,1000,1.0,./weights/tt_abnormal_vae_weights.pt,./datasets/anomaly/TT/TT_abnormal.pt
TT,abnormal,parent_threshold,0.76,,0.99408867,0.81060454,0.89301914,4036,24,943,82989,4979,83013,87992,1000,30,1000,1.0,./weights/tt_abnormal_vae_weights.pt,./datasets/anomaly/TT/TT_abnormal.pt
TT,abnormal,parent_threshold,0.77,,0.99430693,0.80678851,0.89078612,4017,23,962,82990,4979,83013,87992,1000,30,1000,1.0,./weights/tt_abnormal_vae_weights.pt,./datasets/anomaly/TT/TT_abnormal.pt
TT,abnormal,parent_threshold,0.78,,0.99453416,0.8039767,0.88916037,4003,22,976,82991,4979,83013,87992,1000,30,1000,1.0,./weights/tt_abnormal_vae_weights.pt,./datasets/anomaly/TT/TT_abnormal.pt
TT,abnormal,parent_threshold,0.79,,0.99451098,0.80056236,0.88705909,3986,22,993,82991,4979,83013,87992,1000,30,1000,1.0,./weights/tt_abnormal_vae_weights.pt,./datasets/anomaly/TT/TT_abnormal.pt
TT,abnormal,parent_threshold,0.8,,0.99523571,0.79714802,0.8852459,3969,19,1010,82994,4979,83013,87992,1000,30,1000,1.0,./weights/tt_abnormal_vae_weights.pt,./datasets/anomaly/TT/TT_abnormal.pt
TT,abnormal,parent_threshold,0.81,,0.99546599,0.79373368,0.88322718,3952,18,1027,82995,4979,83013,87992,1000,30,1000,1.0,./weights/tt_abnormal_vae_weights.pt,./datasets/anomaly/TT/TT_abnormal.pt
TT,abnormal,parent_threshold,0.82,,0.99620637,0.79112272,0.88189858,3939,15,1040,82998,4979,83013,87992,1000,30,1000,1.0,./weights/tt_abnormal_vae_weights.pt,./datasets/anomaly/TT/TT_abnormal.pt
TT,abnormal,parent_threshold,0.83,,0.99619579,0.78891344,0.88052006,3928,15,1051,82998,4979,83013,87992,1000,30,1000,1.0,./weights/tt_abnormal_vae_weights.pt,./datasets/anomaly/TT/TT_abnormal.pt
TT,abnormal,parent_threshold,0.84,,0.9969419,0.78569994,0.8788049,3912,12,1067,83001,4979,83013,87992,1000,30,1000,1.0,./weights/tt_abnormal_vae_weights.pt,./datasets/anomaly/TT/TT_abnormal.pt
TT,abnormal,parent_threshold,0.85,,0.99718238,0.78188391,0.87650569,3893,11,1086,83002,4979,83013,87992,1000,30,1000,1.0,./weights/tt_abnormal_vae_weights.pt,./datasets/anomaly/TT/TT_abnormal.pt
TT,abnormal,parent_threshold,0.86,,0.99742732,0.77867042,0.87457704,3877,10,1102,83003,4979,83013,87992,1000,30,1000,1.0,./weights/tt_abnormal_vae_weights.pt,./datasets/anomaly/TT/TT_abnormal.pt
TT,abnormal,parent_threshold,0.87,,0.99766416,0.77204258,0.87047101,3844,9,1135,83004,4979,83013,87992,1000,30,1000,1.0,./weights/tt_abnormal_vae_weights.pt,./datasets/anomaly/TT/TT_abnormal.pt
TT,abnormal,parent_threshold,0.88,,0.99817471,0.76882908,0.86861811,3828,7,1151,83006,4979,83013,87992,1000,30,1000,1.0,./weights/tt_abnormal_vae_weights.pt,./datasets/anomaly/TT/TT_abnormal.pt
TT,abnormal,parent_threshold,0.89,,0.99842808,0.76541474,0.86653024,3811,6,1168,83007,4979,83013,87992,1000,30,1000,1.0,./weights/tt_abnormal_vae_weights.pt,./datasets/anomaly/TT/TT_abnormal.pt
TT,abnormal,parent_threshold,0.9,,0.99868282,0.76139787,0.86404558,3791,5,1188,83008,4979,83013,87992,1000,30,1000,1.0,./weights/tt_abnormal_vae_weights.pt,./datasets/anomaly/TT/TT_abnormal.pt
TT,abnormal,parent_threshold,0.91,,0.99893984,0.75697931,0.86128885,3769,4,1210,83009,4979,83013,87992,1000,30,1000,1.0,./weights/tt_abnormal_vae_weights.pt,./datasets/anomaly/TT/TT_abnormal.pt
TT,abnormal,parent_threshold,0.92,,0.99893219,0.75155654,0.85776504,3742,4,1237,83009,4979,83013,87992,1000,30,1000,1.0,./weights/tt_abnormal_vae_weights.pt,./datasets/anomaly/TT/TT_abnormal.pt
TT,abnormal,parent_threshold,0.93,,0.99919311,0.74613376,0.85431758,3715,3,1264,83010,4979,83013,87992,1000,30,1000,1.0,./weights/tt_abnormal_vae_weights.pt,./datasets/anomaly/TT/TT_abnormal.pt
TT,abnormal,parent_threshold,0.94,,0.99972907,0.74111267,0.85121107,3690,1,1289,83012,4979,83013,87992,1000,30,1000,1.0,./weights/tt_abnormal_vae_weights.pt,./datasets/anomaly/TT/TT_abnormal.pt
TT,abnormal,parent_threshold,0.95,,0.99972625,0.73348062,0.84615385,3652,1,1327,83012,4979,83013,87992,1000,30,1000,1.0,./weights/tt_abnormal_vae_weights.pt,./datasets/anomaly/TT/TT_abnormal.pt
TT,abnormal,parent_threshold,0.96,,0.99972307,0.72504519,0.84051222,3610,1,1369,83012,4979,83013,87992,1000,30,1000,1.0,./weights/tt_abnormal_vae_weights.pt,./datasets/anomaly/TT/TT_abnormal.pt
TT,abnormal,parent_threshold,0.97,,0.9997191,0.71480217,0.83358707,3559,1,1420,83012,4979,83013,87992,1000,30,1000,1.0,./weights/tt_abnormal_vae_weights.pt,./datasets/anomaly/TT/TT_abnormal.pt
TT,abnormal,parent_threshold,0.98,,1.0,0.70034143,0.82376565,3487,0,1492,83013,4979,83013,87992,1000,30,1000,1.0,./weights/tt_abnormal_vae_weights.pt,./datasets/anomaly/TT/TT_abnormal.pt
TT,abnormal,parent_threshold,0.99,,1.0,0.67463346,0.8057088,3359,0,1620,83013,4979,83013,87992,1000,30,1000,1.0,./weights/tt_abnormal_vae_weights.pt,./datasets/anomaly/TT/TT_abnormal.pt
